op,dtype,mode,shape,latency_base_ms,latency_ms,speedup
BlockSparseContraction,fp32,operator,"[[8,4]]",0.190628,0.266228,0.7160
BlockSparseContraction,fp32,operator,"[[16,8]]",0.222633,0.288959,0.7705
BlockSparseContraction,fp32,operator,"[[32,16]]",0.277972,0.298595,0.9309
BlockSparseContraction,fp32,operator,"[[64,32]]",0.378151,0.312543,1.2099
BlockSparseContraction,fp32,operator,"[[128,64]]",0.582209,0.338688,1.7190
BlockSparseContraction,fp32,operator,"[[256,128]]",0.993915,0.392895,2.5297
BlockSparseContraction,fp32,operator,"[[32,128]]",0.991795,0.397801,2.4932
BlockSparseContraction,fp32,operator,"[[64,256]]",1.807704,0.496340,3.6421
CUTENSOR_OP_ABS,fp32,kernel,[[1024]],0.006488,0.003662,1.7721
CUTENSOR_OP_ABS,fp32,kernel,[[2048]],0.006423,0.003808,1.6869
CUTENSOR_OP_ABS,fp32,kernel,[[4096]],0.006692,0.004365,1.5330
CUTENSOR_OP_ABS,fp32,kernel,[[8192]],0.007231,0.003981,1.8164
CUTENSOR_OP_ABS,fp32,kernel,[[16384]],0.008269,0.004423,1.8696
CUTENSOR_OP_ABS,fp32,kernel,[[32768]],0.010269,0.005404,1.9004
CUTENSOR_OP_ABS,fp32,kernel,[[65536]],0.010692,0.005673,1.8847
CUTENSOR_OP_ABS,fp32,kernel,[[131072]],0.011712,0.006615,1.7703
CUTENSOR_OP_ABS,fp32,kernel,[[262144]],0.014404,0.008923,1.6142
CUTENSOR_OP_ABS,fp32,kernel,[[524288]],0.021615,0.014308,1.5108
CUTENSOR_OP_ABS,fp32,kernel,[[1048576]],0.036058,0.025269,1.4269
CUTENSOR_OP_ABS,fp32,kernel,[[2097152]],0.060000,0.046385,1.2935
CUTENSOR_OP_ABS,fp32,kernel,[[4194304]],0.136288,0.073308,1.8591
CUTENSOR_OP_ABS,fp32,kernel,[[8388608]],0.250808,0.131481,1.9076
CUTENSOR_OP_ABS,fp32,kernel,"[[128,128]]",0.008288,0.004423,1.8739
CUTENSOR_OP_ABS,fp32,kernel,"[[32,64,16]]",0.010308,0.005404,1.9075
CUTENSOR_OP_ABS,fp32,kernel,"[[64,256]]",0.008288,0.004462,1.8578
CUTENSOR_OP_ABS,fp32,kernel,"[[16,64,64]]",0.010596,0.005692,1.8615
CUTENSOR_OP_ABS,fp32,kernel,"[[256,512]]",0.011538,0.006596,1.7493
CUTENSOR_OP_ABS,fp32,kernel,"[[128,1024]]",0.011731,0.006673,1.7579
CUTENSOR_OP_ABS,fp32,kernel,"[[64,64,64]]",0.014538,0.008865,1.6399
CUTENSOR_OP_ABS,fp32,kernel,"[[128,128,64]]",0.036000,0.025192,1.4290
CUTENSOR_OP_ABS,fp16,kernel,[[1024]],0.006962,0.003423,2.0337
CUTENSOR_OP_ABS,fp16,kernel,[[2048]],0.006096,0.003635,1.6772
CUTENSOR_OP_ABS,fp16,kernel,[[4096]],0.006404,0.004135,1.5488
CUTENSOR_OP_ABS,fp16,kernel,[[8192]],0.006981,0.003788,1.8426
CUTENSOR_OP_ABS,fp16,kernel,[[16384]],0.008096,0.004269,1.8964
CUTENSOR_OP_ABS,fp16,kernel,[[32768]],0.010038,0.005115,1.9624
CUTENSOR_OP_ABS,fp16,kernel,[[65536]],0.010385,0.005404,1.9217
CUTENSOR_OP_ABS,fp16,kernel,[[131072]],0.010827,0.005769,1.8767
CUTENSOR_OP_ABS,fp16,kernel,[[262144]],0.012231,0.006519,1.8761
CUTENSOR_OP_ABS,fp16,kernel,[[524288]],0.015635,0.008808,1.7751
CUTENSOR_OP_ABS,fp16,kernel,[[1048576]],0.022942,0.014096,1.6276
CUTENSOR_OP_ABS,fp16,kernel,[[2097152]],0.037346,0.025038,1.4916
CUTENSOR_OP_ABS,fp16,kernel,[[4194304]],0.064288,0.046288,1.3889
CUTENSOR_OP_ABS,fp16,kernel,[[8388608]],0.142865,0.073981,1.9311
CUTENSOR_OP_ABS,fp16,kernel,"[[128,128]]",0.008135,0.004327,1.8800
CUTENSOR_OP_ABS,fp16,kernel,"[[32,64,16]]",0.009981,0.005115,1.9511
CUTENSOR_OP_ABS,fp16,kernel,"[[64,256]]",0.008058,0.004365,1.8458
CUTENSOR_OP_ABS,fp16,kernel,"[[16,64,64]]",0.010423,0.005385,1.9357
CUTENSOR_OP_ABS,fp16,kernel,"[[256,512]]",0.010865,0.005692,1.9088
CUTENSOR_OP_ABS,fp16,kernel,"[[128,1024]]",0.010788,0.005769,1.8700
CUTENSOR_OP_ABS,fp16,kernel,"[[64,64,64]]",0.012385,0.006500,1.9053
CUTENSOR_OP_ABS,fp16,kernel,"[[128,128,64]]",0.022962,0.014096,1.6289
CUTENSOR_OP_ABS,bf16,kernel,[[1024]],0.006981,0.003423,2.0393
CUTENSOR_OP_ABS,bf16,kernel,[[2048]],0.006115,0.003673,1.6649
CUTENSOR_OP_ABS,bf16,kernel,[[4096]],0.006404,0.004192,1.5275
CUTENSOR_OP_ABS,bf16,kernel,[[8192]],0.006981,0.003808,1.8333
CUTENSOR_OP_ABS,bf16,kernel,[[16384]],0.008077,0.004308,1.8750
CUTENSOR_OP_ABS,bf16,kernel,[[32768]],0.010058,0.005135,1.9588
CUTENSOR_OP_ABS,bf16,kernel,[[65536]],0.010423,0.005365,1.9427
CUTENSOR_OP_ABS,bf16,kernel,[[131072]],0.010788,0.005654,1.9082
CUTENSOR_OP_ABS,bf16,kernel,[[262144]],0.012327,0.006577,1.8743
CUTENSOR_OP_ABS,bf16,kernel,[[524288]],0.015673,0.008827,1.7756
CUTENSOR_OP_ABS,bf16,kernel,[[1048576]],0.023038,0.014173,1.6255
CUTENSOR_OP_ABS,bf16,kernel,[[2097152]],0.037404,0.025115,1.4893
CUTENSOR_OP_ABS,bf16,kernel,[[4194304]],0.063962,0.046481,1.3761
CUTENSOR_OP_ABS,bf16,kernel,[[8388608]],0.142827,0.073885,1.9331
CUTENSOR_OP_ABS,bf16,kernel,"[[128,128]]",0.008115,0.004365,1.8590
CUTENSOR_OP_ABS,bf16,kernel,"[[32,64,16]]",0.010038,0.005115,1.9624
CUTENSOR_OP_ABS,bf16,kernel,"[[64,256]]",0.008077,0.004327,1.8667
CUTENSOR_OP_ABS,bf16,kernel,"[[16,64,64]]",0.010308,0.005481,1.8807
CUTENSOR_OP_ABS,bf16,kernel,"[[256,512]]",0.010885,0.005750,1.8930
CUTENSOR_OP_ABS,bf16,kernel,"[[128,1024]]",0.010846,0.005846,1.8553
CUTENSOR_OP_ABS,bf16,kernel,"[[64,64,64]]",0.012385,0.006423,1.9281
CUTENSOR_OP_ABS,bf16,kernel,"[[128,128,64]]",0.022981,0.014154,1.6236
CUTENSOR_OP_ACOS,fp16,kernel,[[1024]],0.007619,0.003665,2.0787
CUTENSOR_OP_ACOS,fp16,kernel,[[2048]],0.006942,0.003481,1.9945
CUTENSOR_OP_ACOS,fp16,kernel,[[4096]],0.007077,0.003538,2.0000
CUTENSOR_OP_ACOS,fp16,kernel,[[8192]],0.007308,0.004019,1.8182
CUTENSOR_OP_ACOS,fp16,kernel,[[16384]],0.007615,0.004115,1.8505
CUTENSOR_OP_ACOS,fp16,kernel,[[32768]],0.008077,0.004346,1.8584
CUTENSOR_OP_ACOS,fp16,kernel,[[65536]],0.008173,0.004481,1.8240
CUTENSOR_OP_ACOS,fp16,kernel,[[131072]],0.008788,0.005135,1.7116
CUTENSOR_OP_ACOS,fp16,kernel,[[262144]],0.010673,0.006077,1.7563
CUTENSOR_OP_ACOS,fp16,kernel,[[524288]],0.013500,0.008423,1.6027
CUTENSOR_OP_ACOS,fp16,kernel,[[1048576]],0.021385,0.014019,1.5254
CUTENSOR_OP_ACOS,fp16,kernel,[[2097152]],0.036481,0.025058,1.4559
CUTENSOR_OP_ACOS,fp16,kernel,[[4194304]],0.063500,0.046731,1.3588
CUTENSOR_OP_ACOS,fp16,kernel,[[8388608]],0.142942,0.075462,1.8942
CUTENSOR_OP_ACOS,fp16,kernel,"[[128,128]]",0.007635,0.004115,1.8551
CUTENSOR_OP_ACOS,fp16,kernel,"[[32,64,16]]",0.008096,0.004327,1.8711
CUTENSOR_OP_ACOS,fp16,kernel,"[[64,256]]",0.007596,0.004115,1.8458
CUTENSOR_OP_ACOS,fp16,kernel,"[[16,64,64]]",0.008404,0.004462,1.8836
CUTENSOR_OP_ACOS,fp16,kernel,"[[256,512]]",0.008712,0.005077,1.7159
CUTENSOR_OP_ACOS,fp16,kernel,"[[128,1024]]",0.008846,0.004981,1.7761
CUTENSOR_OP_ACOS,fp16,kernel,"[[64,64,64]]",0.010365,0.005981,1.7331
CUTENSOR_OP_ACOS,fp16,kernel,"[[128,128,64]]",0.021519,0.014000,1.5371
CUTENSOR_OP_ACOS,bf16,kernel,[[1024]],0.007385,0.003423,2.1573
CUTENSOR_OP_ACOS,bf16,kernel,[[2048]],0.006942,0.003442,2.0168
CUTENSOR_OP_ACOS,bf16,kernel,[[4096]],0.007038,0.003538,1.9891
CUTENSOR_OP_ACOS,bf16,kernel,[[8192]],0.007288,0.004019,1.8134
CUTENSOR_OP_ACOS,bf16,kernel,[[16384]],0.007596,0.004115,1.8458
CUTENSOR_OP_ACOS,bf16,kernel,[[32768]],0.007769,0.004269,1.8198
CUTENSOR_OP_ACOS,bf16,kernel,[[65536]],0.008250,0.004538,1.8178
CUTENSOR_OP_ACOS,bf16,kernel,[[131072]],0.008981,0.004865,1.8458
CUTENSOR_OP_ACOS,bf16,kernel,[[262144]],0.010615,0.006077,1.7468
CUTENSOR_OP_ACOS,bf16,kernel,[[524288]],0.013519,0.008404,1.6087
CUTENSOR_OP_ACOS,bf16,kernel,[[1048576]],0.021481,0.013423,1.6003
CUTENSOR_OP_ACOS,bf16,kernel,[[2097152]],0.036154,0.025115,1.4395
CUTENSOR_OP_ACOS,bf16,kernel,[[4194304]],0.063462,0.046769,1.3569
CUTENSOR_OP_ACOS,bf16,kernel,[[8388608]],0.142846,0.075423,1.8939
CUTENSOR_OP_ACOS,bf16,kernel,"[[128,128]]",0.007712,0.004115,1.8738
CUTENSOR_OP_ACOS,bf16,kernel,"[[32,64,16]]",0.008135,0.004250,1.9140
CUTENSOR_OP_ACOS,bf16,kernel,"[[64,256]]",0.007673,0.004115,1.8645
CUTENSOR_OP_ACOS,bf16,kernel,"[[16,64,64]]",0.008365,0.004481,1.8670
CUTENSOR_OP_ACOS,bf16,kernel,"[[256,512]]",0.008846,0.004865,1.8182
CUTENSOR_OP_ACOS,bf16,kernel,"[[128,1024]]",0.008558,0.004827,1.7729
CUTENSOR_OP_ACOS,bf16,kernel,"[[64,64,64]]",0.010615,0.005981,1.7749
CUTENSOR_OP_ACOS,bf16,kernel,"[[128,128,64]]",0.021327,0.013404,1.5911
CUTENSOR_OP_ACOS,fp32,kernel,[[1024]],0.006769,0.003385,2.0000
CUTENSOR_OP_ACOS,fp32,kernel,[[2048]],0.007462,0.003423,2.1798
CUTENSOR_OP_ACOS,fp32,kernel,[[4096]],0.007577,0.003519,2.1530
CUTENSOR_OP_ACOS,fp32,kernel,[[8192]],0.007731,0.003865,2.0000
CUTENSOR_OP_ACOS,fp32,kernel,[[16384]],0.007923,0.003981,1.9903
CUTENSOR_OP_ACOS,fp32,kernel,[[32768]],0.008654,0.004250,2.0362
CUTENSOR_OP_ACOS,fp32,kernel,[[65536]],0.008904,0.004692,1.8975
CUTENSOR_OP_ACOS,fp32,kernel,[[131072]],0.009923,0.005692,1.7432
CUTENSOR_OP_ACOS,fp32,kernel,[[262144]],0.012615,0.008038,1.5694
CUTENSOR_OP_ACOS,fp32,kernel,[[524288]],0.019712,0.013423,1.4685
CUTENSOR_OP_ACOS,fp32,kernel,[[1048576]],0.034038,0.024115,1.4115
CUTENSOR_OP_ACOS,fp32,kernel,[[2097152]],0.058077,0.045654,1.2721
CUTENSOR_OP_ACOS,fp32,kernel,[[4194304]],0.135769,0.074346,1.8262
CUTENSOR_OP_ACOS,fp32,kernel,[[8388608]],0.250327,0.131942,1.8972
CUTENSOR_OP_ACOS,fp32,kernel,"[[128,128]]",0.008096,0.003981,2.0338
CUTENSOR_OP_ACOS,fp32,kernel,"[[32,64,16]]",0.008615,0.004250,2.0271
CUTENSOR_OP_ACOS,fp32,kernel,"[[64,256]]",0.008000,0.003942,2.0293
CUTENSOR_OP_ACOS,fp32,kernel,"[[16,64,64]]",0.008692,0.004615,1.8833
CUTENSOR_OP_ACOS,fp32,kernel,"[[256,512]]",0.009712,0.005673,1.7119
CUTENSOR_OP_ACOS,fp32,kernel,"[[128,1024]]",0.009750,0.005712,1.7071
CUTENSOR_OP_ACOS,fp32,kernel,"[[64,64,64]]",0.012596,0.008000,1.5745
CUTENSOR_OP_ACOS,fp32,kernel,"[[128,128,64]]",0.034385,0.024154,1.4236
CUTENSOR_OP_ACOSH,fp16,kernel,[[1024]],0.008850,0.004115,2.1505
CUTENSOR_OP_ACOSH,fp16,kernel,[[2048]],0.008577,0.004212,2.0365
CUTENSOR_OP_ACOSH,fp16,kernel,[[4096]],0.008865,0.004558,1.9451
CUTENSOR_OP_ACOSH,fp16,kernel,[[8192]],0.009442,0.004750,1.9879
CUTENSOR_OP_ACOSH,fp16,kernel,[[16384]],0.010538,0.005231,2.0147
CUTENSOR_OP_ACOSH,fp16,kernel,[[32768]],0.012462,0.006115,2.0377
CUTENSOR_OP_ACOSH,fp16,kernel,[[65536]],0.012769,0.006385,2.0000
CUTENSOR_OP_ACOSH,fp16,kernel,[[131072]],0.013231,0.006808,1.9435
CUTENSOR_OP_ACOSH,fp16,kernel,[[262144]],0.014596,0.007962,1.8333
CUTENSOR_OP_ACOSH,fp16,kernel,[[524288]],0.017481,0.010115,1.7281
CUTENSOR_OP_ACOSH,fp16,kernel,[[1048576]],0.024808,0.015154,1.6371
CUTENSOR_OP_ACOSH,fp16,kernel,[[2097152]],0.039481,0.026500,1.4898
CUTENSOR_OP_ACOSH,fp16,kernel,[[4194304]],0.066654,0.048096,1.3858
CUTENSOR_OP_ACOSH,fp16,kernel,[[8388608]],0.145923,0.076404,1.9099
CUTENSOR_OP_ACOSH,fp16,kernel,"[[128,128]]",0.010558,0.005327,1.9819
CUTENSOR_OP_ACOSH,fp16,kernel,"[[32,64,16]]",0.012462,0.006192,2.0124
CUTENSOR_OP_ACOSH,fp16,kernel,"[[64,256]]",0.010212,0.005288,1.9309
CUTENSOR_OP_ACOSH,fp16,kernel,"[[16,64,64]]",0.012750,0.006365,2.0030
CUTENSOR_OP_ACOSH,fp16,kernel,"[[256,512]]",0.013192,0.006788,1.9433
CUTENSOR_OP_ACOSH,fp16,kernel,"[[128,1024]]",0.013192,0.006808,1.9379
CUTENSOR_OP_ACOSH,fp16,kernel,"[[64,64,64]]",0.014692,0.007904,1.8589
CUTENSOR_OP_ACOSH,fp16,kernel,"[[128,128,64]]",0.024808,0.015192,1.6329
CUTENSOR_OP_ACOSH,bf16,kernel,[[1024]],0.008442,0.003904,2.1626
CUTENSOR_OP_ACOSH,bf16,kernel,[[2048]],0.008577,0.004115,2.0841
CUTENSOR_OP_ACOSH,bf16,kernel,[[4096]],0.008865,0.004577,1.9370
CUTENSOR_OP_ACOSH,bf16,kernel,[[8192]],0.009462,0.004769,1.9839
CUTENSOR_OP_ACOSH,bf16,kernel,[[16384]],0.010558,0.005250,2.0110
CUTENSOR_OP_ACOSH,bf16,kernel,[[32768]],0.012500,0.006154,2.0313
CUTENSOR_OP_ACOSH,bf16,kernel,[[65536]],0.012846,0.006250,2.0554
CUTENSOR_OP_ACOSH,bf16,kernel,[[131072]],0.013192,0.006808,1.9379
CUTENSOR_OP_ACOSH,bf16,kernel,[[262144]],0.014615,0.008019,1.8225
CUTENSOR_OP_ACOSH,bf16,kernel,[[524288]],0.017481,0.010192,1.7151
CUTENSOR_OP_ACOSH,bf16,kernel,[[1048576]],0.024846,0.015231,1.6313
CUTENSOR_OP_ACOSH,bf16,kernel,[[2097152]],0.039327,0.026462,1.4862
CUTENSOR_OP_ACOSH,bf16,kernel,[[4194304]],0.066558,0.048096,1.3838
CUTENSOR_OP_ACOSH,bf16,kernel,[[8388608]],0.145942,0.076269,1.9135
CUTENSOR_OP_ACOSH,bf16,kernel,"[[128,128]]",0.010577,0.005346,1.9784
CUTENSOR_OP_ACOSH,bf16,kernel,"[[32,64,16]]",0.012442,0.006212,2.0031
CUTENSOR_OP_ACOSH,bf16,kernel,"[[64,256]]",0.010538,0.005308,1.9855
CUTENSOR_OP_ACOSH,bf16,kernel,"[[16,64,64]]",0.012808,0.006404,2.0000
CUTENSOR_OP_ACOSH,bf16,kernel,"[[256,512]]",0.013115,0.006827,1.9211
CUTENSOR_OP_ACOSH,bf16,kernel,"[[128,1024]]",0.013212,0.006846,1.9298
CUTENSOR_OP_ACOSH,bf16,kernel,"[[64,64,64]]",0.014712,0.007846,1.8750
CUTENSOR_OP_ACOSH,bf16,kernel,"[[128,128,64]]",0.024808,0.015135,1.6391
CUTENSOR_OP_ACOSH,fp32,kernel,[[1024]],0.007885,0.003846,2.0500
CUTENSOR_OP_ACOSH,fp32,kernel,[[2048]],0.008942,0.004038,2.2143
CUTENSOR_OP_ACOSH,fp32,kernel,[[4096]],0.009212,0.004577,2.0126
CUTENSOR_OP_ACOSH,fp32,kernel,[[8192]],0.009769,0.004558,2.1435
CUTENSOR_OP_ACOSH,fp32,kernel,[[16384]],0.010846,0.005058,2.1445
CUTENSOR_OP_ACOSH,fp32,kernel,[[32768]],0.012712,0.006038,2.1051
CUTENSOR_OP_ACOSH,fp32,kernel,[[65536]],0.012923,0.006327,2.0426
CUTENSOR_OP_ACOSH,fp32,kernel,[[131072]],0.013865,0.007327,1.8924
CUTENSOR_OP_ACOSH,fp32,kernel,[[262144]],0.015692,0.009538,1.6452
CUTENSOR_OP_ACOSH,fp32,kernel,[[524288]],0.022731,0.014615,1.5553
CUTENSOR_OP_ACOSH,fp32,kernel,[[1048576]],0.036750,0.025481,1.4423
CUTENSOR_OP_ACOSH,fp32,kernel,[[2097152]],0.061269,0.047308,1.2951
CUTENSOR_OP_ACOSH,fp32,kernel,[[4194304]],0.138327,0.075519,1.8317
CUTENSOR_OP_ACOSH,fp32,kernel,[[8388608]],0.253442,0.133808,1.8941
CUTENSOR_OP_ACOSH,fp32,kernel,"[[128,128]]",0.010846,0.005000,2.1692
CUTENSOR_OP_ACOSH,fp32,kernel,"[[32,64,16]]",0.012673,0.006000,2.1122
CUTENSOR_OP_ACOSH,fp32,kernel,"[[64,256]]",0.010808,0.005058,2.1369
CUTENSOR_OP_ACOSH,fp32,kernel,"[[16,64,64]]",0.013038,0.006269,2.0798
CUTENSOR_OP_ACOSH,fp32,kernel,"[[256,512]]",0.013404,0.007346,1.8246
CUTENSOR_OP_ACOSH,fp32,kernel,"[[128,1024]]",0.013769,0.007250,1.8992
CUTENSOR_OP_ACOSH,fp32,kernel,"[[64,64,64]]",0.016077,0.009481,1.6957
CUTENSOR_OP_ACOSH,fp32,kernel,"[[128,128,64]]",0.036635,0.025577,1.4323
CUTENSOR_OP_ADD,bf16,kernel,[[1024]],0.011438,0.003900,2.9329
CUTENSOR_OP_ADD,bf16,kernel,[[2048]],0.009750,0.004019,2.4258
CUTENSOR_OP_ADD,bf16,kernel,[[4096]],0.010115,0.004365,2.3172
CUTENSOR_OP_ADD,bf16,kernel,[[8192]],0.010942,0.004135,2.6465
CUTENSOR_OP_ADD,bf16,kernel,[[16384]],0.012481,0.004538,2.7500
CUTENSOR_OP_ADD,bf16,kernel,[[32768]],0.015308,0.005519,2.7735
CUTENSOR_OP_ADD,bf16,kernel,[[65536]],0.015923,0.005750,2.7692
CUTENSOR_OP_ADD,bf16,kernel,[[131072]],0.016962,0.006538,2.5941
CUTENSOR_OP_ADD,bf16,kernel,[[262144]],0.019731,0.008404,2.3478
CUTENSOR_OP_ADD,bf16,kernel,[[524288]],0.025827,0.012615,2.0473
CUTENSOR_OP_ADD,bf16,kernel,[[1048576]],0.039635,0.021692,1.8271
CUTENSOR_OP_ADD,bf16,kernel,[[2097152]],0.065750,0.040096,1.6398
CUTENSOR_OP_ADD,bf16,kernel,[[4194304]],0.134288,0.064462,2.0832
CUTENSOR_OP_ADD,bf16,kernel,[[8388608]],0.243731,0.107231,2.2730
CUTENSOR_OP_ADD,bf16,kernel,"[[128,128]]",0.012558,0.004538,2.7669
CUTENSOR_OP_ADD,bf16,kernel,"[[32,64,16]]",0.015212,0.005519,2.7561
CUTENSOR_OP_ADD,bf16,kernel,"[[64,256]]",0.012423,0.004519,2.7489
CUTENSOR_OP_ADD,bf16,kernel,"[[16,64,64]]",0.015904,0.005692,2.7939
CUTENSOR_OP_ADD,bf16,kernel,"[[256,512]]",0.016827,0.006481,2.5964
CUTENSOR_OP_ADD,bf16,kernel,"[[128,1024]]",0.016769,0.006442,2.6030
CUTENSOR_OP_ADD,bf16,kernel,"[[64,64,64]]",0.019615,0.008385,2.3394
CUTENSOR_OP_ADD,bf16,kernel,"[[128,128,64]]",0.039750,0.021712,1.8308
CUTENSOR_OP_ADD,fp32,kernel,[[1024]],0.009673,0.003808,2.5404
CUTENSOR_OP_ADD,fp32,kernel,[[2048]],0.010019,0.003981,2.5169
CUTENSOR_OP_ADD,fp32,kernel,[[4096]],0.010365,0.004423,2.3435
CUTENSOR_OP_ADD,fp32,kernel,[[8192]],0.011154,0.004385,2.5439
CUTENSOR_OP_ADD,fp32,kernel,[[16384]],0.012673,0.004904,2.5843
CUTENSOR_OP_ADD,fp32,kernel,[[32768]],0.015500,0.005827,2.6601
CUTENSOR_OP_ADD,fp32,kernel,[[65536]],0.016192,0.006500,2.4911
CUTENSOR_OP_ADD,fp32,kernel,[[131072]],0.018288,0.008423,2.1712
CUTENSOR_OP_ADD,fp32,kernel,[[262144]],0.023654,0.012731,1.8580
CUTENSOR_OP_ADD,fp32,kernel,[[524288]],0.036404,0.021885,1.6634
CUTENSOR_OP_ADD,fp32,kernel,[[1048576]],0.061269,0.040269,1.5215
CUTENSOR_OP_ADD,fp32,kernel,[[2097152]],0.125404,0.063462,1.9761
CUTENSOR_OP_ADD,fp32,kernel,[[4194304]],0.230615,0.107365,2.1479
CUTENSOR_OP_ADD,fp32,kernel,[[8388608]],0.430077,0.192827,2.2304
CUTENSOR_OP_ADD,fp32,kernel,"[[128,128]]",0.012673,0.004904,2.5843
CUTENSOR_OP_ADD,fp32,kernel,"[[32,64,16]]",0.015481,0.005769,2.6833
CUTENSOR_OP_ADD,fp32,kernel,"[[64,256]]",0.012558,0.004827,2.6016
CUTENSOR_OP_ADD,fp32,kernel,"[[16,64,64]]",0.016135,0.006519,2.4749
CUTENSOR_OP_ADD,fp32,kernel,"[[256,512]]",0.018308,0.008404,2.1785
CUTENSOR_OP_ADD,fp32,kernel,"[[128,1024]]",0.018423,0.008404,2.1922
CUTENSOR_OP_ADD,fp32,kernel,"[[64,64,64]]",0.023769,0.012731,1.8671
CUTENSOR_OP_ADD,fp32,kernel,"[[128,128,64]]",0.061327,0.040288,1.5222
CUTENSOR_OP_ADD,fp16,kernel,[[1024]],0.010904,0.003692,2.9531
CUTENSOR_OP_ADD,fp16,kernel,[[2048]],0.009750,0.003923,2.4853
CUTENSOR_OP_ADD,fp16,kernel,[[4096]],0.010115,0.004327,2.3378
CUTENSOR_OP_ADD,fp16,kernel,[[8192]],0.011000,0.004135,2.6605
CUTENSOR_OP_ADD,fp16,kernel,[[16384]],0.012519,0.004519,2.7702
CUTENSOR_OP_ADD,fp16,kernel,[[32768]],0.015115,0.005538,2.7292
CUTENSOR_OP_ADD,fp16,kernel,[[65536]],0.015904,0.005731,2.7752
CUTENSOR_OP_ADD,fp16,kernel,[[131072]],0.016981,0.006519,2.6047
CUTENSOR_OP_ADD,fp16,kernel,[[262144]],0.019577,0.008404,2.3295
CUTENSOR_OP_ADD,fp16,kernel,[[524288]],0.025808,0.012635,2.0426
CUTENSOR_OP_ADD,fp16,kernel,[[1048576]],0.039558,0.021731,1.8204
CUTENSOR_OP_ADD,fp16,kernel,[[2097152]],0.065712,0.040212,1.6341
CUTENSOR_OP_ADD,fp16,kernel,[[4194304]],0.133962,0.064423,2.0794
CUTENSOR_OP_ADD,fp16,kernel,[[8388608]],0.243654,0.107269,2.2714
CUTENSOR_OP_ADD,fp16,kernel,"[[128,128]]",0.012481,0.004558,2.7384
CUTENSOR_OP_ADD,fp16,kernel,"[[32,64,16]]",0.015192,0.005538,2.7431
CUTENSOR_OP_ADD,fp16,kernel,"[[64,256]]",0.012404,0.004538,2.7331
CUTENSOR_OP_ADD,fp16,kernel,"[[16,64,64]]",0.015750,0.005712,2.7576
CUTENSOR_OP_ADD,fp16,kernel,"[[256,512]]",0.016788,0.006442,2.6060
CUTENSOR_OP_ADD,fp16,kernel,"[[128,1024]]",0.016519,0.006654,2.4827
CUTENSOR_OP_ADD,fp16,kernel,"[[64,64,64]]",0.019635,0.008615,2.2790
CUTENSOR_OP_ADD,fp16,kernel,"[[128,128,64]]",0.039712,0.021827,1.8194
CUTENSOR_OP_ASIN,bf16,kernel,[[1024]],0.007585,0.003796,1.9980
CUTENSOR_OP_ASIN,bf16,kernel,[[2048]],0.006500,0.003885,1.6733
CUTENSOR_OP_ASIN,bf16,kernel,[[4096]],0.006788,0.004346,1.5619
CUTENSOR_OP_ASIN,bf16,kernel,[[8192]],0.007308,0.004500,1.6239
CUTENSOR_OP_ASIN,bf16,kernel,[[16384]],0.008385,0.004904,1.7098
CUTENSOR_OP_ASIN,bf16,kernel,[[32768]],0.010288,0.005827,1.7657
CUTENSOR_OP_ASIN,bf16,kernel,[[65536]],0.010673,0.006038,1.7675
CUTENSOR_OP_ASIN,bf16,kernel,[[131072]],0.011038,0.006442,1.7134
CUTENSOR_OP_ASIN,bf16,kernel,[[262144]],0.012654,0.007288,1.7361
CUTENSOR_OP_ASIN,bf16,kernel,[[524288]],0.015827,0.009577,1.6526
CUTENSOR_OP_ASIN,bf16,kernel,[[1048576]],0.023481,0.014923,1.5735
CUTENSOR_OP_ASIN,bf16,kernel,[[2097152]],0.037981,0.026442,1.4364
CUTENSOR_OP_ASIN,bf16,kernel,[[4194304]],0.065115,0.048269,1.3490
CUTENSOR_OP_ASIN,bf16,kernel,[[8388608]],0.143923,0.076462,1.8823
CUTENSOR_OP_ASIN,bf16,kernel,"[[128,128]]",0.008404,0.004962,1.6938
CUTENSOR_OP_ASIN,bf16,kernel,"[[32,64,16]]",0.010346,0.005904,1.7524
CUTENSOR_OP_ASIN,bf16,kernel,"[[64,256]]",0.008385,0.004942,1.6965
CUTENSOR_OP_ASIN,bf16,kernel,"[[16,64,64]]",0.010615,0.006019,1.7636
CUTENSOR_OP_ASIN,bf16,kernel,"[[256,512]]",0.011058,0.006500,1.7012
CUTENSOR_OP_ASIN,bf16,kernel,"[[128,1024]]",0.011000,0.006481,1.6973
CUTENSOR_OP_ASIN,bf16,kernel,"[[64,64,64]]",0.012673,0.007173,1.7668
CUTENSOR_OP_ASIN,bf16,kernel,"[[128,128,64]]",0.023462,0.014942,1.5701
CUTENSOR_OP_ASIN,fp32,kernel,[[1024]],0.006635,0.003538,1.8750
CUTENSOR_OP_ASIN,fp32,kernel,[[2048]],0.006981,0.003827,1.8241
CUTENSOR_OP_ASIN,fp32,kernel,[[4096]],0.007212,0.004327,1.6667
CUTENSOR_OP_ASIN,fp32,kernel,[[8192]],0.007750,0.004231,1.8318
CUTENSOR_OP_ASIN,fp32,kernel,[[16384]],0.008808,0.004731,1.8618
CUTENSOR_OP_ASIN,fp32,kernel,[[32768]],0.010712,0.005788,1.8505
CUTENSOR_OP_ASIN,fp32,kernel,[[65536]],0.011038,0.005962,1.8516
CUTENSOR_OP_ASIN,fp32,kernel,[[131072]],0.011923,0.006827,1.7465
CUTENSOR_OP_ASIN,fp32,kernel,[[262144]],0.014577,0.009096,1.6025
CUTENSOR_OP_ASIN,fp32,kernel,[[524288]],0.021558,0.014327,1.5047
CUTENSOR_OP_ASIN,fp32,kernel,[[1048576]],0.035788,0.025115,1.4250
CUTENSOR_OP_ASIN,fp32,kernel,[[2097152]],0.059231,0.046519,1.2733
CUTENSOR_OP_ASIN,fp32,kernel,[[4194304]],0.136404,0.074942,1.8201
CUTENSOR_OP_ASIN,fp32,kernel,[[8388608]],0.251077,0.132731,1.8916
CUTENSOR_OP_ASIN,fp32,kernel,"[[128,128]]",0.008788,0.004788,1.8353
CUTENSOR_OP_ASIN,fp32,kernel,"[[32,64,16]]",0.010750,0.005769,1.8633
CUTENSOR_OP_ASIN,fp32,kernel,"[[64,256]]",0.008769,0.004712,1.8612
CUTENSOR_OP_ASIN,fp32,kernel,"[[16,64,64]]",0.011000,0.005981,1.8392
CUTENSOR_OP_ASIN,fp32,kernel,"[[256,512]]",0.011577,0.006885,1.6816
CUTENSOR_OP_ASIN,fp32,kernel,"[[128,1024]]",0.011942,0.006885,1.7346
CUTENSOR_OP_ASIN,fp32,kernel,"[[64,64,64]]",0.014538,0.009019,1.6119
CUTENSOR_OP_ASIN,fp32,kernel,"[[128,128,64]]",0.035731,0.025077,1.4248
CUTENSOR_OP_ASIN,fp16,kernel,[[1024]],0.007231,0.003635,1.9894
CUTENSOR_OP_ASIN,fp16,kernel,[[2048]],0.006481,0.003865,1.6766
CUTENSOR_OP_ASIN,fp16,kernel,[[4096]],0.006731,0.004577,1.4706
CUTENSOR_OP_ASIN,fp16,kernel,[[8192]],0.007308,0.004442,1.6450
CUTENSOR_OP_ASIN,fp16,kernel,[[16384]],0.008385,0.004885,1.7165
CUTENSOR_OP_ASIN,fp16,kernel,[[32768]],0.010308,0.005846,1.7632
CUTENSOR_OP_ASIN,fp16,kernel,[[65536]],0.010673,0.006096,1.7508
CUTENSOR_OP_ASIN,fp16,kernel,[[131072]],0.011135,0.006423,1.7335
CUTENSOR_OP_ASIN,fp16,kernel,[[262144]],0.012635,0.007115,1.7757
CUTENSOR_OP_ASIN,fp16,kernel,[[524288]],0.015846,0.009654,1.6414
CUTENSOR_OP_ASIN,fp16,kernel,[[1048576]],0.023404,0.015058,1.5543
CUTENSOR_OP_ASIN,fp16,kernel,[[2097152]],0.038019,0.026481,1.4357
CUTENSOR_OP_ASIN,fp16,kernel,[[4194304]],0.065077,0.048212,1.3498
CUTENSOR_OP_ASIN,fp16,kernel,[[8388608]],0.143923,0.076365,1.8847
CUTENSOR_OP_ASIN,fp16,kernel,"[[128,128]]",0.008442,0.004962,1.7016
CUTENSOR_OP_ASIN,fp16,kernel,"[[32,64,16]]",0.010135,0.005788,1.7508
CUTENSOR_OP_ASIN,fp16,kernel,"[[64,256]]",0.008404,0.004942,1.7004
CUTENSOR_OP_ASIN,fp16,kernel,"[[16,64,64]]",0.010635,0.006038,1.7611
CUTENSOR_OP_ASIN,fp16,kernel,"[[256,512]]",0.011019,0.006423,1.7156
CUTENSOR_OP_ASIN,fp16,kernel,"[[128,1024]]",0.011058,0.006423,1.7216
CUTENSOR_OP_ASIN,fp16,kernel,"[[64,64,64]]",0.012673,0.007154,1.7715
CUTENSOR_OP_ASIN,fp16,kernel,"[[128,128,64]]",0.023385,0.014962,1.5630
CUTENSOR_OP_ASINH,fp32,kernel,[[1024]],0.007781,0.003838,2.0271
CUTENSOR_OP_ASINH,fp32,kernel,[[2048]],0.008558,0.003923,2.1814
CUTENSOR_OP_ASINH,fp32,kernel,[[4096]],0.008808,0.004269,2.0631
CUTENSOR_OP_ASINH,fp32,kernel,[[8192]],0.009327,0.004327,2.1556
CUTENSOR_OP_ASINH,fp32,kernel,[[16384]],0.010423,0.004827,2.1594
CUTENSOR_OP_ASINH,fp32,kernel,[[32768]],0.012135,0.005712,2.1246
CUTENSOR_OP_ASINH,fp32,kernel,[[65536]],0.012308,0.006077,2.0253
CUTENSOR_OP_ASINH,fp32,kernel,[[131072]],0.013250,0.007019,1.8877
CUTENSOR_OP_ASINH,fp32,kernel,[[262144]],0.015692,0.009288,1.6894
CUTENSOR_OP_ASINH,fp32,kernel,[[524288]],0.022288,0.014558,1.5310
CUTENSOR_OP_ASINH,fp32,kernel,[[1048576]],0.036250,0.025308,1.4324
CUTENSOR_OP_ASINH,fp32,kernel,[[2097152]],0.060827,0.047365,1.2842
CUTENSOR_OP_ASINH,fp32,kernel,[[4194304]],0.138327,0.075423,1.8340
CUTENSOR_OP_ASINH,fp32,kernel,[[8388608]],0.253558,0.133827,1.8947
CUTENSOR_OP_ASINH,fp32,kernel,"[[128,128]]",0.010385,0.004865,2.1344
CUTENSOR_OP_ASINH,fp32,kernel,"[[32,64,16]]",0.012077,0.005808,2.0795
CUTENSOR_OP_ASINH,fp32,kernel,"[[64,256]]",0.010404,0.004942,2.1051
CUTENSOR_OP_ASINH,fp32,kernel,"[[16,64,64]]",0.012481,0.006077,2.0538
CUTENSOR_OP_ASINH,fp32,kernel,"[[256,512]]",0.012808,0.007019,1.8247
CUTENSOR_OP_ASINH,fp32,kernel,"[[128,1024]]",0.013192,0.007058,1.8692
CUTENSOR_OP_ASINH,fp32,kernel,"[[64,64,64]]",0.015769,0.009365,1.6838
CUTENSOR_OP_ASINH,fp32,kernel,"[[128,128,64]]",0.036423,0.025269,1.4414
CUTENSOR_OP_ASINH,fp16,kernel,[[1024]],0.008058,0.003654,2.2053
CUTENSOR_OP_ASINH,fp16,kernel,[[2048]],0.008231,0.003865,2.1294
CUTENSOR_OP_ASINH,fp16,kernel,[[4096]],0.008500,0.004365,1.9471
CUTENSOR_OP_ASINH,fp16,kernel,[[8192]],0.009038,0.004269,2.1171
CUTENSOR_OP_ASINH,fp16,kernel,[[16384]],0.010115,0.004750,2.1296
CUTENSOR_OP_ASINH,fp16,kernel,[[32768]],0.011942,0.005558,2.1488
CUTENSOR_OP_ASINH,fp16,kernel,[[65536]],0.012346,0.005808,2.1258
CUTENSOR_OP_ASINH,fp16,kernel,[[131072]],0.012673,0.006596,1.9213
CUTENSOR_OP_ASINH,fp16,kernel,[[262144]],0.014077,0.007481,1.8817
CUTENSOR_OP_ASINH,fp16,kernel,[[524288]],0.017596,0.009654,1.8227
CUTENSOR_OP_ASINH,fp16,kernel,[[1048576]],0.024692,0.015019,1.6440
CUTENSOR_OP_ASINH,fp16,kernel,[[2097152]],0.039615,0.026058,1.5203
CUTENSOR_OP_ASINH,fp16,kernel,[[4194304]],0.066750,0.047596,1.4024
CUTENSOR_OP_ASINH,fp16,kernel,[[8388608]],0.147654,0.075865,1.9463
CUTENSOR_OP_ASINH,fp16,kernel,"[[128,128]]",0.009942,0.004827,2.0598
CUTENSOR_OP_ASINH,fp16,kernel,"[[32,64,16]]",0.012019,0.005635,2.1331
CUTENSOR_OP_ASINH,fp16,kernel,"[[64,256]]",0.010135,0.004827,2.0996
CUTENSOR_OP_ASINH,fp16,kernel,"[[16,64,64]]",0.012346,0.005904,2.0912
CUTENSOR_OP_ASINH,fp16,kernel,"[[256,512]]",0.012654,0.006635,1.9072
CUTENSOR_OP_ASINH,fp16,kernel,"[[128,1024]]",0.012654,0.006538,1.9353
CUTENSOR_OP_ASINH,fp16,kernel,"[[64,64,64]]",0.014365,0.007500,1.9154
CUTENSOR_OP_ASINH,fp16,kernel,"[[128,128,64]]",0.024827,0.015115,1.6425
CUTENSOR_OP_ASINH,bf16,kernel,[[1024]],0.008058,0.003673,2.1937
CUTENSOR_OP_ASINH,bf16,kernel,[[2048]],0.008231,0.003904,2.1084
CUTENSOR_OP_ASINH,bf16,kernel,[[4096]],0.008500,0.004404,1.9301
CUTENSOR_OP_ASINH,bf16,kernel,[[8192]],0.009058,0.004346,2.0841
CUTENSOR_OP_ASINH,bf16,kernel,[[16384]],0.010096,0.004731,2.1341
CUTENSOR_OP_ASINH,bf16,kernel,[[32768]],0.012038,0.005731,2.1007
CUTENSOR_OP_ASINH,bf16,kernel,[[65536]],0.012346,0.005846,2.1118
CUTENSOR_OP_ASINH,bf16,kernel,[[131072]],0.012827,0.006519,1.9676
CUTENSOR_OP_ASINH,bf16,kernel,[[262144]],0.014250,0.007462,1.9098
CUTENSOR_OP_ASINH,bf16,kernel,[[524288]],0.017615,0.009692,1.8175
CUTENSOR_OP_ASINH,bf16,kernel,[[1048576]],0.024712,0.015135,1.6328
CUTENSOR_OP_ASINH,bf16,kernel,[[2097152]],0.039654,0.026058,1.5218
CUTENSOR_OP_ASINH,bf16,kernel,[[4194304]],0.066673,0.047519,1.4031
CUTENSOR_OP_ASINH,bf16,kernel,[[8388608]],0.147577,0.075923,1.9438
CUTENSOR_OP_ASINH,bf16,kernel,"[[128,128]]",0.010154,0.004788,2.1205
CUTENSOR_OP_ASINH,bf16,kernel,"[[32,64,16]]",0.012096,0.005808,2.0828
CUTENSOR_OP_ASINH,bf16,kernel,"[[64,256]]",0.009885,0.004846,2.0397
CUTENSOR_OP_ASINH,bf16,kernel,"[[16,64,64]]",0.012404,0.005904,2.1010
CUTENSOR_OP_ASINH,bf16,kernel,"[[256,512]]",0.012654,0.006442,1.9642
CUTENSOR_OP_ASINH,bf16,kernel,"[[128,1024]]",0.012750,0.006385,1.9970
CUTENSOR_OP_ASINH,bf16,kernel,"[[64,64,64]]",0.014385,0.007481,1.9229
CUTENSOR_OP_ASINH,bf16,kernel,"[[128,128,64]]",0.024865,0.015231,1.6326
CUTENSOR_OP_ATAN,bf16,kernel,[[1024]],0.007973,0.003946,2.0205
CUTENSOR_OP_ATAN,bf16,kernel,[[2048]],0.007096,0.003942,1.8000
CUTENSOR_OP_ATAN,bf16,kernel,[[4096]],0.007250,0.004115,1.7617
CUTENSOR_OP_ATAN,bf16,kernel,[[8192]],0.007577,0.004558,1.6624
CUTENSOR_OP_ATAN,bf16,kernel,[[16384]],0.008000,0.004962,1.6124
CUTENSOR_OP_ATAN,bf16,kernel,[[32768]],0.008577,0.005077,1.6894
CUTENSOR_OP_ATAN,bf16,kernel,[[65536]],0.008923,0.005038,1.7710
CUTENSOR_OP_ATAN,bf16,kernel,[[131072]],0.009212,0.005558,1.6574
CUTENSOR_OP_ATAN,bf16,kernel,[[262144]],0.011231,0.006885,1.6313
CUTENSOR_OP_ATAN,bf16,kernel,[[524288]],0.014250,0.009519,1.4970
CUTENSOR_OP_ATAN,bf16,kernel,[[1048576]],0.022192,0.015327,1.4479
CUTENSOR_OP_ATAN,bf16,kernel,[[2097152]],0.037154,0.027538,1.3492
CUTENSOR_OP_ATAN,bf16,kernel,[[4194304]],0.064000,0.049192,1.3010
CUTENSOR_OP_ATAN,bf16,kernel,[[8388608]],0.143154,0.078750,1.8178
CUTENSOR_OP_ATAN,bf16,kernel,"[[128,128]]",0.007942,0.004692,1.6926
CUTENSOR_OP_ATAN,bf16,kernel,"[[32,64,16]]",0.008596,0.004808,1.7880
CUTENSOR_OP_ATAN,bf16,kernel,"[[64,256]]",0.007962,0.004596,1.7322
CUTENSOR_OP_ATAN,bf16,kernel,"[[16,64,64]]",0.008865,0.004962,1.7868
CUTENSOR_OP_ATAN,bf16,kernel,"[[256,512]]",0.009288,0.005558,1.6713
CUTENSOR_OP_ATAN,bf16,kernel,"[[128,1024]]",0.009269,0.005596,1.6564
CUTENSOR_OP_ATAN,bf16,kernel,"[[64,64,64]]",0.011269,0.006750,1.6695
CUTENSOR_OP_ATAN,bf16,kernel,"[[128,128,64]]",0.022154,0.015288,1.4491
CUTENSOR_OP_ATAN,fp32,kernel,[[1024]],0.007096,0.003692,1.9219
CUTENSOR_OP_ATAN,fp32,kernel,[[2048]],0.007577,0.003788,2.0000
CUTENSOR_OP_ATAN,fp32,kernel,[[4096]],0.007731,0.003981,1.9420
CUTENSOR_OP_ATAN,fp32,kernel,[[8192]],0.007962,0.004212,1.8904
CUTENSOR_OP_ATAN,fp32,kernel,[[16384]],0.008404,0.004481,1.8755
CUTENSOR_OP_ATAN,fp32,kernel,[[32768]],0.009058,0.004769,1.8992
CUTENSOR_OP_ATAN,fp32,kernel,[[65536]],0.009269,0.005038,1.8397
CUTENSOR_OP_ATAN,fp32,kernel,[[131072]],0.010346,0.006038,1.7134
CUTENSOR_OP_ATAN,fp32,kernel,[[262144]],0.013212,0.008385,1.5757
CUTENSOR_OP_ATAN,fp32,kernel,[[524288]],0.020500,0.013827,1.4826
CUTENSOR_OP_ATAN,fp32,kernel,[[1048576]],0.034750,0.024673,1.4084
CUTENSOR_OP_ATAN,fp32,kernel,[[2097152]],0.058385,0.046115,1.2661
CUTENSOR_OP_ATAN,fp32,kernel,[[4194304]],0.135712,0.074692,1.8169
CUTENSOR_OP_ATAN,fp32,kernel,[[8388608]],0.250596,0.132558,1.8905
CUTENSOR_OP_ATAN,fp32,kernel,"[[128,128]]",0.008365,0.004481,1.8670
CUTENSOR_OP_ATAN,fp32,kernel,"[[32,64,16]]",0.009038,0.004808,1.8800
CUTENSOR_OP_ATAN,fp32,kernel,"[[64,256]]",0.008327,0.004423,1.8826
CUTENSOR_OP_ATAN,fp32,kernel,"[[16,64,64]]",0.009288,0.005038,1.8435
CUTENSOR_OP_ATAN,fp32,kernel,"[[256,512]]",0.009923,0.005942,1.6699
CUTENSOR_OP_ATAN,fp32,kernel,"[[128,1024]]",0.010269,0.005981,1.7170
CUTENSOR_OP_ATAN,fp32,kernel,"[[64,64,64]]",0.012731,0.008423,1.5114
CUTENSOR_OP_ATAN,fp32,kernel,"[[128,128,64]]",0.034846,0.024577,1.4178
CUTENSOR_OP_ATAN,fp16,kernel,[[1024]],0.007654,0.003731,2.0515
CUTENSOR_OP_ATAN,fp16,kernel,[[2048]],0.007077,0.003788,1.8680
CUTENSOR_OP_ATAN,fp16,kernel,[[4096]],0.007231,0.004019,1.7990
CUTENSOR_OP_ATAN,fp16,kernel,[[8192]],0.007500,0.004500,1.6667
CUTENSOR_OP_ATAN,fp16,kernel,[[16384]],0.007942,0.004654,1.7066
CUTENSOR_OP_ATAN,fp16,kernel,[[32768]],0.008558,0.005038,1.6985
CUTENSOR_OP_ATAN,fp16,kernel,[[65536]],0.008904,0.005115,1.7406
CUTENSOR_OP_ATAN,fp16,kernel,[[131072]],0.009327,0.005577,1.6724
CUTENSOR_OP_ATAN,fp16,kernel,[[262144]],0.011231,0.007038,1.5956
CUTENSOR_OP_ATAN,fp16,kernel,[[524288]],0.014250,0.009538,1.4940
CUTENSOR_OP_ATAN,fp16,kernel,[[1048576]],0.022192,0.015288,1.4516
CUTENSOR_OP_ATAN,fp16,kernel,[[2097152]],0.037058,0.027500,1.3476
CUTENSOR_OP_ATAN,fp16,kernel,[[4194304]],0.064019,0.049250,1.2999
CUTENSOR_OP_ATAN,fp16,kernel,[[8388608]],0.143058,0.078846,1.8144
CUTENSOR_OP_ATAN,fp16,kernel,"[[128,128]]",0.007962,0.004712,1.6898
CUTENSOR_OP_ATAN,fp16,kernel,"[[32,64,16]]",0.008596,0.005038,1.7061
CUTENSOR_OP_ATAN,fp16,kernel,"[[64,256]]",0.007942,0.004519,1.7574
CUTENSOR_OP_ATAN,fp16,kernel,"[[16,64,64]]",0.008788,0.005115,1.7180
CUTENSOR_OP_ATAN,fp16,kernel,"[[256,512]]",0.009308,0.005596,1.6632
CUTENSOR_OP_ATAN,fp16,kernel,"[[128,1024]]",0.009308,0.005596,1.6632
CUTENSOR_OP_ATAN,fp16,kernel,"[[64,64,64]]",0.011269,0.006923,1.6278
CUTENSOR_OP_ATAN,fp16,kernel,"[[128,128,64]]",0.022192,0.015327,1.4479
CUTENSOR_OP_ATANH,fp16,kernel,[[1024]],0.008354,0.004008,2.0845
CUTENSOR_OP_ATANH,fp16,kernel,[[2048]],0.007731,0.003865,2.0000
CUTENSOR_OP_ATANH,fp16,kernel,[[4096]],0.007808,0.003827,2.0402
CUTENSOR_OP_ATANH,fp16,kernel,[[8192]],0.008096,0.004481,1.8069
CUTENSOR_OP_ATANH,fp16,kernel,[[16384]],0.008269,0.004654,1.7769
CUTENSOR_OP_ATANH,fp16,kernel,[[32768]],0.008788,0.004769,1.8427
CUTENSOR_OP_ATANH,fp16,kernel,[[65536]],0.009173,0.005000,1.8346
CUTENSOR_OP_ATANH,fp16,kernel,[[131072]],0.009846,0.005481,1.7965
CUTENSOR_OP_ATANH,fp16,kernel,[[262144]],0.011635,0.007135,1.6307
CUTENSOR_OP_ATANH,fp16,kernel,[[524288]],0.014288,0.009808,1.4569
CUTENSOR_OP_ATANH,fp16,kernel,[[1048576]],0.022192,0.014827,1.4968
CUTENSOR_OP_ATANH,fp16,kernel,[[2097152]],0.036942,0.025769,1.4336
CUTENSOR_OP_ATANH,fp16,kernel,[[4194304]],0.063865,0.047923,1.3327
CUTENSOR_OP_ATANH,fp16,kernel,[[8388608]],0.142923,0.076231,1.8749
CUTENSOR_OP_ATANH,fp16,kernel,"[[128,128]]",0.008346,0.004673,1.7860
CUTENSOR_OP_ATANH,fp16,kernel,"[[32,64,16]]",0.008885,0.004788,1.8554
CUTENSOR_OP_ATANH,fp16,kernel,"[[64,256]]",0.008500,0.004596,1.8494
CUTENSOR_OP_ATANH,fp16,kernel,"[[16,64,64]]",0.009000,0.005019,1.7931
CUTENSOR_OP_ATANH,fp16,kernel,"[[256,512]]",0.009500,0.005423,1.7518
CUTENSOR_OP_ATANH,fp16,kernel,"[[128,1024]]",0.009442,0.005442,1.7350
CUTENSOR_OP_ATANH,fp16,kernel,"[[64,64,64]]",0.011538,0.006942,1.6620
CUTENSOR_OP_ATANH,fp16,kernel,"[[128,128,64]]",0.022327,0.014865,1.5019
CUTENSOR_OP_ATANH,bf16,kernel,[[1024]],0.007981,0.003769,2.1173
CUTENSOR_OP_ATANH,bf16,kernel,[[2048]],0.007712,0.003827,2.0151
CUTENSOR_OP_ATANH,bf16,kernel,[[4096]],0.007827,0.003904,2.0049
CUTENSOR_OP_ATANH,bf16,kernel,[[8192]],0.008058,0.004558,1.7679
CUTENSOR_OP_ATANH,bf16,kernel,[[16384]],0.008519,0.004692,1.8156
CUTENSOR_OP_ATANH,bf16,kernel,[[32768]],0.009212,0.004885,1.8858
CUTENSOR_OP_ATANH,bf16,kernel,[[65536]],0.009462,0.005096,1.8566
CUTENSOR_OP_ATANH,bf16,kernel,[[131072]],0.009904,0.005558,1.7820
CUTENSOR_OP_ATANH,bf16,kernel,[[262144]],0.011750,0.007115,1.6514
CUTENSOR_OP_ATANH,bf16,kernel,[[524288]],0.014673,0.009885,1.4844
CUTENSOR_OP_ATANH,bf16,kernel,[[1048576]],0.022308,0.014904,1.4968
CUTENSOR_OP_ATANH,bf16,kernel,[[2097152]],0.037115,0.025923,1.4318
CUTENSOR_OP_ATANH,bf16,kernel,[[4194304]],0.063558,0.047923,1.3262
CUTENSOR_OP_ATANH,bf16,kernel,[[8388608]],0.143154,0.076346,1.8751
CUTENSOR_OP_ATANH,bf16,kernel,"[[128,128]]",0.008538,0.004731,1.8049
CUTENSOR_OP_ATANH,bf16,kernel,"[[32,64,16]]",0.009173,0.004942,1.8560
CUTENSOR_OP_ATANH,bf16,kernel,"[[64,256]]",0.008519,0.004692,1.8156
CUTENSOR_OP_ATANH,bf16,kernel,"[[16,64,64]]",0.009442,0.005077,1.8598
CUTENSOR_OP_ATANH,bf16,kernel,"[[256,512]]",0.009885,0.005558,1.7785
CUTENSOR_OP_ATANH,bf16,kernel,"[[128,1024]]",0.009865,0.005615,1.7568
CUTENSOR_OP_ATANH,bf16,kernel,"[[64,64,64]]",0.011673,0.007019,1.6630
CUTENSOR_OP_ATANH,bf16,kernel,"[[128,128,64]]",0.022308,0.014788,1.5085
CUTENSOR_OP_ATANH,fp32,kernel,[[1024]],0.007481,0.003692,2.0260
CUTENSOR_OP_ATANH,fp32,kernel,[[2048]],0.008212,0.003808,2.1566
CUTENSOR_OP_ATANH,fp32,kernel,[[4096]],0.008365,0.003981,2.1014
CUTENSOR_OP_ATANH,fp32,kernel,[[8192]],0.008596,0.004308,1.9955
CUTENSOR_OP_ATANH,fp32,kernel,[[16384]],0.009038,0.004500,2.0085
CUTENSOR_OP_ATANH,fp32,kernel,[[32768]],0.009692,0.004885,1.9843
CUTENSOR_OP_ATANH,fp32,kernel,[[65536]],0.009923,0.005135,1.9326
CUTENSOR_OP_ATANH,fp32,kernel,[[131072]],0.010923,0.006115,1.7862
CUTENSOR_OP_ATANH,fp32,kernel,[[262144]],0.013577,0.008365,1.6230
CUTENSOR_OP_ATANH,fp32,kernel,[[524288]],0.020519,0.013731,1.4944
CUTENSOR_OP_ATANH,fp32,kernel,[[1048576]],0.034885,0.024538,1.4216
CUTENSOR_OP_ATANH,fp32,kernel,[[2097152]],0.058750,0.046192,1.2719
CUTENSOR_OP_ATANH,fp32,kernel,[[4194304]],0.136385,0.075115,1.8157
CUTENSOR_OP_ATANH,fp32,kernel,[[8388608]],0.251212,0.133019,1.8885
CUTENSOR_OP_ATANH,fp32,kernel,"[[128,128]]",0.009000,0.004500,2.0000
CUTENSOR_OP_ATANH,fp32,kernel,"[[32,64,16]]",0.009692,0.004827,2.0080
CUTENSOR_OP_ATANH,fp32,kernel,"[[64,256]]",0.008923,0.004442,2.0087
CUTENSOR_OP_ATANH,fp32,kernel,"[[16,64,64]]",0.009885,0.005058,1.9544
CUTENSOR_OP_ATANH,fp32,kernel,"[[256,512]]",0.010596,0.006115,1.7327
CUTENSOR_OP_ATANH,fp32,kernel,"[[128,1024]]",0.010904,0.006154,1.7719
CUTENSOR_OP_ATANH,fp32,kernel,"[[64,64,64]]",0.013635,0.008365,1.6299
CUTENSOR_OP_ATANH,fp32,kernel,"[[128,128,64]]",0.034923,0.024481,1.4266
CUTENSOR_OP_CEIL,bf16,kernel,[[1024]],0.007738,0.003919,1.9745
CUTENSOR_OP_CEIL,bf16,kernel,[[2048]],0.006635,0.004135,1.6047
CUTENSOR_OP_CEIL,bf16,kernel,[[4096]],0.006923,0.004615,1.5000
CUTENSOR_OP_CEIL,bf16,kernel,[[8192]],0.007481,0.004212,1.7763
CUTENSOR_OP_CEIL,bf16,kernel,[[16384]],0.008577,0.004750,1.8057
CUTENSOR_OP_CEIL,bf16,kernel,[[32768]],0.010481,0.005788,1.8106
CUTENSOR_OP_CEIL,bf16,kernel,[[65536]],0.010808,0.006000,1.8013
CUTENSOR_OP_CEIL,bf16,kernel,[[131072]],0.011250,0.006115,1.8396
CUTENSOR_OP_CEIL,bf16,kernel,[[262144]],0.012712,0.006981,1.8209
CUTENSOR_OP_CEIL,bf16,kernel,[[524288]],0.015981,0.009096,1.7569
CUTENSOR_OP_CEIL,bf16,kernel,[[1048576]],0.023346,0.014288,1.6339
CUTENSOR_OP_CEIL,bf16,kernel,[[2097152]],0.037712,0.025558,1.4755
CUTENSOR_OP_CEIL,bf16,kernel,[[4194304]],0.064731,0.046750,1.3846
CUTENSOR_OP_CEIL,bf16,kernel,[[8388608]],0.143365,0.074019,1.9369
CUTENSOR_OP_CEIL,bf16,kernel,"[[128,128]]",0.008615,0.004692,1.8361
CUTENSOR_OP_CEIL,bf16,kernel,"[[32,64,16]]",0.010462,0.005750,1.8194
CUTENSOR_OP_CEIL,bf16,kernel,"[[64,256]]",0.008462,0.004654,1.8182
CUTENSOR_OP_CEIL,bf16,kernel,"[[16,64,64]]",0.010750,0.005558,1.9343
CUTENSOR_OP_CEIL,bf16,kernel,"[[256,512]]",0.011173,0.006077,1.8386
CUTENSOR_OP_CEIL,bf16,kernel,"[[128,1024]]",0.011250,0.006173,1.8224
CUTENSOR_OP_CEIL,bf16,kernel,"[[64,64,64]]",0.012769,0.006904,1.8496
CUTENSOR_OP_CEIL,bf16,kernel,"[[128,128,64]]",0.023481,0.014385,1.6324
CUTENSOR_OP_CEIL,fp32,kernel,[[1024]],0.006731,0.003731,1.8041
CUTENSOR_OP_CEIL,fp32,kernel,[[2048]],0.006885,0.003981,1.7295
CUTENSOR_OP_CEIL,fp32,kernel,[[4096]],0.007173,0.004442,1.6147
CUTENSOR_OP_CEIL,fp32,kernel,[[8192]],0.007673,0.004212,1.8219
CUTENSOR_OP_CEIL,fp32,kernel,[[16384]],0.008673,0.004731,1.8333
CUTENSOR_OP_CEIL,fp32,kernel,[[32768]],0.010077,0.005635,1.7884
CUTENSOR_OP_CEIL,fp32,kernel,[[65536]],0.011135,0.006038,1.8439
CUTENSOR_OP_CEIL,fp32,kernel,[[131072]],0.012154,0.006942,1.7507
CUTENSOR_OP_CEIL,fp32,kernel,[[262144]],0.014942,0.009077,1.6462
CUTENSOR_OP_CEIL,fp32,kernel,[[524288]],0.021942,0.014558,1.5073
CUTENSOR_OP_CEIL,fp32,kernel,[[1048576]],0.036385,0.025308,1.4377
CUTENSOR_OP_CEIL,fp32,kernel,[[2097152]],0.060442,0.046788,1.2918
CUTENSOR_OP_CEIL,fp32,kernel,[[4194304]],0.136558,0.073423,1.8599
CUTENSOR_OP_CEIL,fp32,kernel,[[8388608]],0.251404,0.131846,1.9068
CUTENSOR_OP_CEIL,fp32,kernel,"[[128,128]]",0.008731,0.004865,1.7945
CUTENSOR_OP_CEIL,fp32,kernel,"[[32,64,16]]",0.010673,0.005750,1.8562
CUTENSOR_OP_CEIL,fp32,kernel,"[[64,256]]",0.008731,0.004750,1.8381
CUTENSOR_OP_CEIL,fp32,kernel,"[[16,64,64]]",0.011019,0.006000,1.8365
CUTENSOR_OP_CEIL,fp32,kernel,"[[256,512]]",0.011904,0.006865,1.7339
CUTENSOR_OP_CEIL,fp32,kernel,"[[128,1024]]",0.012154,0.006923,1.7556
CUTENSOR_OP_CEIL,fp32,kernel,"[[64,64,64]]",0.014981,0.009096,1.6469
CUTENSOR_OP_CEIL,fp32,kernel,"[[128,128,64]]",0.036308,0.025212,1.4401
CUTENSOR_OP_CEIL,fp16,kernel,[[1024]],0.007500,0.003712,2.0207
CUTENSOR_OP_CEIL,fp16,kernel,[[2048]],0.006615,0.003942,1.6780
CUTENSOR_OP_CEIL,fp16,kernel,[[4096]],0.006885,0.004442,1.5498
CUTENSOR_OP_CEIL,fp16,kernel,[[8192]],0.007481,0.004135,1.8093
CUTENSOR_OP_CEIL,fp16,kernel,[[16384]],0.008462,0.004635,1.8257
CUTENSOR_OP_CEIL,fp16,kernel,[[32768]],0.010481,0.005615,1.8664
CUTENSOR_OP_CEIL,fp16,kernel,[[65536]],0.010846,0.005731,1.8926
CUTENSOR_OP_CEIL,fp16,kernel,[[131072]],0.011423,0.006038,1.8917
CUTENSOR_OP_CEIL,fp16,kernel,[[262144]],0.012942,0.007288,1.7757
CUTENSOR_OP_CEIL,fp16,kernel,[[524288]],0.016346,0.009346,1.7490
CUTENSOR_OP_CEIL,fp16,kernel,[[1048576]],0.023654,0.014596,1.6206
CUTENSOR_OP_CEIL,fp16,kernel,[[2097152]],0.037923,0.025577,1.4827
CUTENSOR_OP_CEIL,fp16,kernel,[[4194304]],0.064731,0.046865,1.3812
CUTENSOR_OP_CEIL,fp16,kernel,[[8388608]],0.143558,0.074192,1.9349
CUTENSOR_OP_CEIL,fp16,kernel,"[[128,128]]",0.008615,0.004846,1.7778
CUTENSOR_OP_CEIL,fp16,kernel,"[[32,64,16]]",0.010692,0.005962,1.7935
CUTENSOR_OP_CEIL,fp16,kernel,"[[64,256]]",0.008596,0.004750,1.8097
CUTENSOR_OP_CEIL,fp16,kernel,"[[16,64,64]]",0.010865,0.005885,1.8464
CUTENSOR_OP_CEIL,fp16,kernel,"[[256,512]]",0.011269,0.006308,1.7866
CUTENSOR_OP_CEIL,fp16,kernel,"[[128,1024]]",0.011423,0.006173,1.8505
CUTENSOR_OP_CEIL,fp16,kernel,"[[64,64,64]]",0.012750,0.007019,1.8164
CUTENSOR_OP_CEIL,fp16,kernel,"[[128,128,64]]",0.023308,0.014442,1.6138
CUTENSOR_OP_CONJ,cf64,kernel,[[1024]],0.007435,0.003815,1.9486
CUTENSOR_OP_CONJ,cf64,kernel,[[2048]],0.009769,0.004000,2.4423
CUTENSOR_OP_CONJ,cf64,kernel,[[4096]],0.010654,0.004654,2.2893
CUTENSOR_OP_CONJ,cf64,kernel,[[8192]],0.011538,0.004577,2.5210
CUTENSOR_OP_CONJ,cf64,kernel,[[16384]],0.013135,0.005231,2.5110
CUTENSOR_OP_CONJ,cf64,kernel,[[32768]],0.015442,0.006365,2.4260
CUTENSOR_OP_CONJ,cf64,kernel,[[65536]],0.016212,0.007212,2.2480
CUTENSOR_OP_CONJ,cf64,kernel,[[131072]],0.016769,0.009827,1.7065
CUTENSOR_OP_CONJ,cf64,kernel,[[262144]],0.026327,0.015404,1.7091
CUTENSOR_OP_CONJ,cf64,kernel,[[524288]],0.043962,0.026769,1.6422
CUTENSOR_OP_CONJ,cf64,kernel,[[1048576]],0.081673,0.048615,1.6800
CUTENSOR_OP_CONJ,cf64,kernel,[[2097152]],0.168000,0.080538,2.0860
CUTENSOR_OP_CONJ,cf64,kernel,[[4194304]],0.310654,0.142673,2.1774
CUTENSOR_OP_CONJ,cf64,kernel,[[8388608]],0.595231,0.266596,2.2327
CUTENSOR_OP_CONJ,cf64,kernel,"[[128,128]]",0.013115,0.005288,2.4800
CUTENSOR_OP_CONJ,cf64,kernel,"[[32,64,16]]",0.015481,0.006288,2.4618
CUTENSOR_OP_CONJ,cf64,kernel,"[[64,256]]",0.013115,0.005077,2.5833
CUTENSOR_OP_CONJ,cf64,kernel,"[[16,64,64]]",0.016269,0.007077,2.2989
CUTENSOR_OP_CONJ,cf64,kernel,"[[256,512]]",0.017962,0.009615,1.8680
CUTENSOR_OP_CONJ,cf64,kernel,"[[128,1024]]",0.017981,0.009750,1.8442
CUTENSOR_OP_CONJ,cf64,kernel,"[[64,64,64]]",0.026635,0.015269,1.7443
CUTENSOR_OP_CONJ,cf64,kernel,"[[128,128,64]]",0.082038,0.048423,1.6942
CUTENSOR_OP_CONJ,cf128,kernel,[[1024]],0.008058,0.004308,1.8705
CUTENSOR_OP_CONJ,cf128,kernel,[[2048]],0.010115,0.004577,2.2101
CUTENSOR_OP_CONJ,cf128,kernel,[[4096]],0.010769,0.005231,2.0588
CUTENSOR_OP_CONJ,cf128,kernel,[[8192]],0.011962,0.006769,1.7670
CUTENSOR_OP_CONJ,cf128,kernel,[[16384]],0.013538,0.007519,1.8005
CUTENSOR_OP_CONJ,cf128,kernel,[[32768]],0.016115,0.008558,1.8831
CUTENSOR_OP_CONJ,cf128,kernel,[[65536]],0.017154,0.010115,1.6958
CUTENSOR_OP_CONJ,cf128,kernel,[[131072]],0.021327,0.015827,1.3475
CUTENSOR_OP_CONJ,cf128,kernel,[[262144]],0.036327,0.027923,1.3010
CUTENSOR_OP_CONJ,cf128,kernel,[[524288]],0.063231,0.049962,1.2656
CUTENSOR_OP_CONJ,cf128,kernel,[[1048576]],0.104000,0.083577,1.2444
CUTENSOR_OP_CONJ,cf128,kernel,[[2097152]],0.190827,0.149212,1.2789
CUTENSOR_OP_CONJ,cf128,kernel,[[4194304]],0.366385,0.282712,1.2960
CUTENSOR_OP_CONJ,cf128,kernel,[[8388608]],0.715962,0.542077,1.3208
CUTENSOR_OP_CONJ,cf128,kernel,"[[128,128]]",0.013596,0.007500,1.8128
CUTENSOR_OP_CONJ,cf128,kernel,"[[32,64,16]]",0.016096,0.008577,1.8767
CUTENSOR_OP_CONJ,cf128,kernel,"[[64,256]]",0.013712,0.007519,1.8235
CUTENSOR_OP_CONJ,cf128,kernel,"[[16,64,64]]",0.017096,0.010135,1.6869
CUTENSOR_OP_CONJ,cf128,kernel,"[[256,512]]",0.021365,0.015827,1.3499
CUTENSOR_OP_CONJ,cf128,kernel,"[[128,1024]]",0.021404,0.015788,1.3557
CUTENSOR_OP_CONJ,cf128,kernel,"[[64,64,64]]",0.036212,0.027558,1.3140
CUTENSOR_OP_CONJ,cf128,kernel,"[[128,128,64]]",0.104423,0.083827,1.2457
CUTENSOR_OP_COS,fp16,kernel,[[1024]],0.008119,0.004069,1.9953
CUTENSOR_OP_COS,fp16,kernel,[[2048]],0.007346,0.004038,1.8190
CUTENSOR_OP_COS,fp16,kernel,[[4096]],0.008038,0.004327,1.8578
CUTENSOR_OP_COS,fp16,kernel,[[8192]],0.008904,0.004808,1.8520
CUTENSOR_OP_COS,fp16,kernel,[[16384]],0.010481,0.005558,1.8858
CUTENSOR_OP_COS,fp16,kernel,[[32768]],0.013462,0.007058,1.9074
CUTENSOR_OP_COS,fp16,kernel,[[65536]],0.014192,0.007058,2.0109
CUTENSOR_OP_COS,fp16,kernel,[[131072]],0.014135,0.007577,1.8655
CUTENSOR_OP_COS,fp16,kernel,[[262144]],0.015596,0.008692,1.7942
CUTENSOR_OP_COS,fp16,kernel,[[524288]],0.018538,0.010635,1.7432
CUTENSOR_OP_COS,fp16,kernel,[[1048576]],0.022173,0.014212,1.5602
CUTENSOR_OP_COS,fp16,kernel,[[2097152]],0.037038,0.025154,1.4725
CUTENSOR_OP_COS,fp16,kernel,[[4194304]],0.067077,0.048038,1.3963
CUTENSOR_OP_COS,fp16,kernel,[[8388608]],0.146538,0.076808,1.9079
CUTENSOR_OP_COS,fp16,kernel,"[[128,128]]",0.010423,0.005519,1.8885
CUTENSOR_OP_COS,fp16,kernel,"[[32,64,16]]",0.013519,0.006923,1.9528
CUTENSOR_OP_COS,fp16,kernel,"[[64,256]]",0.010423,0.005558,1.8754
CUTENSOR_OP_COS,fp16,kernel,"[[16,64,64]]",0.013885,0.007173,1.9357
CUTENSOR_OP_COS,fp16,kernel,"[[256,512]]",0.013981,0.007635,1.8312
CUTENSOR_OP_COS,fp16,kernel,"[[128,1024]]",0.014231,0.007577,1.8782
CUTENSOR_OP_COS,fp16,kernel,"[[64,64,64]]",0.015115,0.008423,1.7945
CUTENSOR_OP_COS,fp16,kernel,"[[128,128,64]]",0.025827,0.015846,1.6299
CUTENSOR_OP_COS,bf16,kernel,[[1024]],0.008077,0.004077,1.9811
CUTENSOR_OP_COS,bf16,kernel,[[2048]],0.007712,0.004442,1.7359
CUTENSOR_OP_COS,bf16,kernel,[[4096]],0.008635,0.005173,1.6691
CUTENSOR_OP_COS,bf16,kernel,[[8192]],0.009212,0.004788,1.9237
CUTENSOR_OP_COS,bf16,kernel,[[16384]],0.010654,0.005577,1.9103
CUTENSOR_OP_COS,bf16,kernel,[[32768]],0.014058,0.006788,2.0708
CUTENSOR_OP_COS,bf16,kernel,[[65536]],0.014308,0.007096,2.0163
CUTENSOR_OP_COS,bf16,kernel,[[131072]],0.014615,0.007577,1.9289
CUTENSOR_OP_COS,bf16,kernel,[[262144]],0.016077,0.008635,1.8619
CUTENSOR_OP_COS,bf16,kernel,[[524288]],0.018981,0.010423,1.8210
CUTENSOR_OP_COS,bf16,kernel,[[1048576]],0.026346,0.015635,1.6851
CUTENSOR_OP_COS,bf16,kernel,[[2097152]],0.041019,0.026673,1.5379
CUTENSOR_OP_COS,bf16,kernel,[[4194304]],0.068327,0.048269,1.4155
CUTENSOR_OP_COS,bf16,kernel,[[8388608]],0.147558,0.076904,1.9187
CUTENSOR_OP_COS,bf16,kernel,"[[128,128]]",0.010692,0.005519,1.9373
CUTENSOR_OP_COS,bf16,kernel,"[[32,64,16]]",0.013808,0.006942,1.9889
CUTENSOR_OP_COS,bf16,kernel,"[[64,256]]",0.010654,0.005577,1.9103
CUTENSOR_OP_COS,bf16,kernel,"[[16,64,64]]",0.014135,0.007077,1.9973
CUTENSOR_OP_COS,bf16,kernel,"[[256,512]]",0.014731,0.007558,1.9491
CUTENSOR_OP_COS,bf16,kernel,"[[128,1024]]",0.014462,0.007596,1.9038
CUTENSOR_OP_COS,bf16,kernel,"[[64,64,64]]",0.016250,0.008385,1.9381
CUTENSOR_OP_COS,bf16,kernel,"[[128,128,64]]",0.026365,0.015712,1.6781
CUTENSOR_OP_COS,fp32,kernel,[[1024]],0.007519,0.004000,1.8798
CUTENSOR_OP_COS,fp32,kernel,[[2048]],0.008077,0.004365,1.8502
CUTENSOR_OP_COS,fp32,kernel,[[4096]],0.008442,0.005154,1.6381
CUTENSOR_OP_COS,fp32,kernel,[[8192]],0.009231,0.004788,1.9277
CUTENSOR_OP_COS,fp32,kernel,[[16384]],0.010923,0.005962,1.8323
CUTENSOR_OP_COS,fp32,kernel,[[32768]],0.013173,0.006788,1.9405
CUTENSOR_OP_COS,fp32,kernel,[[65536]],0.014077,0.006846,2.0562
CUTENSOR_OP_COS,fp32,kernel,[[131072]],0.014692,0.008058,1.8234
CUTENSOR_OP_COS,fp32,kernel,[[262144]],0.017077,0.009904,1.7243
CUTENSOR_OP_COS,fp32,kernel,[[524288]],0.023558,0.014615,1.6118
CUTENSOR_OP_COS,fp32,kernel,[[1048576]],0.037519,0.025885,1.4495
CUTENSOR_OP_COS,fp32,kernel,[[2097152]],0.062058,0.047212,1.3145
CUTENSOR_OP_COS,fp32,kernel,[[4194304]],0.139019,0.075942,1.8306
CUTENSOR_OP_COS,fp32,kernel,[[8388608]],0.254115,0.133712,1.9005
CUTENSOR_OP_COS,fp32,kernel,"[[128,128]]",0.010846,0.006077,1.7848
CUTENSOR_OP_COS,fp32,kernel,"[[32,64,16]]",0.013654,0.006962,1.9613
CUTENSOR_OP_COS,fp32,kernel,"[[64,256]]",0.010827,0.005981,1.8103
CUTENSOR_OP_COS,fp32,kernel,"[[16,64,64]]",0.013962,0.007212,1.9360
CUTENSOR_OP_COS,fp32,kernel,"[[256,512]]",0.014423,0.008115,1.7773
CUTENSOR_OP_COS,fp32,kernel,"[[128,1024]]",0.014654,0.007981,1.8361
CUTENSOR_OP_COS,fp32,kernel,"[[64,64,64]]",0.017038,0.009192,1.8536
CUTENSOR_OP_COS,fp32,kernel,"[[128,128,64]]",0.037442,0.025731,1.4552
CUTENSOR_OP_COSH,bf16,kernel,[[1024]],0.007435,0.003600,2.0652
CUTENSOR_OP_COSH,bf16,kernel,[[2048]],0.006231,0.003462,1.8000
CUTENSOR_OP_COSH,bf16,kernel,[[4096]],0.006346,0.003442,1.8436
CUTENSOR_OP_COSH,bf16,kernel,[[8192]],0.006635,0.003577,1.8548
CUTENSOR_OP_COSH,bf16,kernel,[[16384]],0.007019,0.003692,1.9010
CUTENSOR_OP_COSH,bf16,kernel,[[32768]],0.007654,0.003885,1.9703
CUTENSOR_OP_COSH,bf16,kernel,[[65536]],0.007808,0.004154,1.8796
CUTENSOR_OP_COSH,bf16,kernel,[[131072]],0.008404,0.004558,1.8439
CUTENSOR_OP_COSH,bf16,kernel,[[262144]],0.010231,0.005712,1.7912
CUTENSOR_OP_COSH,bf16,kernel,[[524288]],0.013250,0.008038,1.6483
CUTENSOR_OP_COSH,bf16,kernel,[[1048576]],0.021019,0.013308,1.5795
CUTENSOR_OP_COSH,bf16,kernel,[[2097152]],0.035962,0.024346,1.4771
CUTENSOR_OP_COSH,bf16,kernel,[[4194304]],0.062385,0.045404,1.3740
CUTENSOR_OP_COSH,bf16,kernel,[[8388608]],0.141500,0.073500,1.9252
CUTENSOR_OP_COSH,bf16,kernel,"[[128,128]]",0.007058,0.003750,1.8821
CUTENSOR_OP_COSH,bf16,kernel,"[[32,64,16]]",0.007712,0.004135,1.8651
CUTENSOR_OP_COSH,bf16,kernel,"[[64,256]]",0.006885,0.003731,1.8454
CUTENSOR_OP_COSH,bf16,kernel,"[[16,64,64]]",0.008000,0.004288,1.8655
CUTENSOR_OP_COSH,bf16,kernel,"[[256,512]]",0.008462,0.004692,1.8033
CUTENSOR_OP_COSH,bf16,kernel,"[[128,1024]]",0.008481,0.004615,1.8375
CUTENSOR_OP_COSH,bf16,kernel,"[[64,64,64]]",0.010346,0.005962,1.7355
CUTENSOR_OP_COSH,bf16,kernel,"[[128,128,64]]",0.021346,0.013673,1.5612
CUTENSOR_OP_COSH,fp32,kernel,[[1024]],0.006558,0.003442,1.9050
CUTENSOR_OP_COSH,fp32,kernel,[[2048]],0.006962,0.003558,1.9568
CUTENSOR_OP_COSH,fp32,kernel,[[4096]],0.007096,0.003865,1.8358
CUTENSOR_OP_COSH,fp32,kernel,[[8192]],0.007346,0.003904,1.8818
CUTENSOR_OP_COSH,fp32,kernel,[[16384]],0.007788,0.004269,1.8243
CUTENSOR_OP_COSH,fp32,kernel,[[32768]],0.008577,0.004885,1.7559
CUTENSOR_OP_COSH,fp32,kernel,[[65536]],0.008750,0.005154,1.6978
CUTENSOR_OP_COSH,fp32,kernel,[[131072]],0.009904,0.006135,1.6144
CUTENSOR_OP_COSH,fp32,kernel,[[262144]],0.012904,0.008500,1.5181
CUTENSOR_OP_COSH,fp32,kernel,[[524288]],0.020058,0.013846,1.4486
CUTENSOR_OP_COSH,fp32,kernel,[[1048576]],0.034385,0.024538,1.4013
CUTENSOR_OP_COSH,fp32,kernel,[[2097152]],0.057788,0.046000,1.2563
CUTENSOR_OP_COSH,fp32,kernel,[[4194304]],0.134808,0.073269,1.8399
CUTENSOR_OP_COSH,fp32,kernel,[[8388608]],0.249577,0.130942,1.9060
CUTENSOR_OP_COSH,fp32,kernel,"[[128,128]]",0.007712,0.003904,1.9754
CUTENSOR_OP_COSH,fp32,kernel,"[[32,64,16]]",0.008654,0.004327,2.0000
CUTENSOR_OP_COSH,fp32,kernel,"[[64,256]]",0.007712,0.003904,1.9754
CUTENSOR_OP_COSH,fp32,kernel,"[[16,64,64]]",0.008654,0.005000,1.7308
CUTENSOR_OP_COSH,fp32,kernel,"[[256,512]]",0.009404,0.005654,1.6633
CUTENSOR_OP_COSH,fp32,kernel,"[[128,1024]]",0.009750,0.005712,1.7071
CUTENSOR_OP_COSH,fp32,kernel,"[[64,64,64]]",0.012808,0.008173,1.5671
CUTENSOR_OP_COSH,fp32,kernel,"[[128,128,64]]",0.034365,0.024365,1.4104
CUTENSOR_OP_COSH,fp16,kernel,[[1024]],0.007135,0.003404,2.0960
CUTENSOR_OP_COSH,fp16,kernel,[[2048]],0.006231,0.003462,1.8000
CUTENSOR_OP_COSH,fp16,kernel,[[4096]],0.006385,0.003481,1.8343
CUTENSOR_OP_COSH,fp16,kernel,[[8192]],0.006692,0.003635,1.8413
CUTENSOR_OP_COSH,fp16,kernel,[[16384]],0.007096,0.003808,1.8636
CUTENSOR_OP_COSH,fp16,kernel,[[32768]],0.007769,0.004115,1.8879
CUTENSOR_OP_COSH,fp16,kernel,[[65536]],0.008058,0.004365,1.8458
CUTENSOR_OP_COSH,fp16,kernel,[[131072]],0.008538,0.004808,1.7760
CUTENSOR_OP_COSH,fp16,kernel,[[262144]],0.010269,0.005731,1.7919
CUTENSOR_OP_COSH,fp16,kernel,[[524288]],0.013519,0.008019,1.6859
CUTENSOR_OP_COSH,fp16,kernel,[[1048576]],0.021288,0.013192,1.6137
CUTENSOR_OP_COSH,fp16,kernel,[[2097152]],0.035827,0.024308,1.4739
CUTENSOR_OP_COSH,fp16,kernel,[[4194304]],0.062769,0.045404,1.3825
CUTENSOR_OP_COSH,fp16,kernel,[[8388608]],0.141596,0.073538,1.9255
CUTENSOR_OP_COSH,fp16,kernel,"[[128,128]]",0.007135,0.003769,1.8929
CUTENSOR_OP_COSH,fp16,kernel,"[[32,64,16]]",0.007750,0.003885,1.9950
CUTENSOR_OP_COSH,fp16,kernel,"[[64,256]]",0.007077,0.003808,1.8586
CUTENSOR_OP_COSH,fp16,kernel,"[[16,64,64]]",0.008058,0.004231,1.9045
CUTENSOR_OP_COSH,fp16,kernel,"[[256,512]]",0.008481,0.004827,1.7570
CUTENSOR_OP_COSH,fp16,kernel,"[[128,1024]]",0.008462,0.004750,1.7814
CUTENSOR_OP_COSH,fp16,kernel,"[[64,64,64]]",0.010346,0.005731,1.8054
CUTENSOR_OP_COSH,fp16,kernel,"[[128,128,64]]",0.021250,0.013269,1.6014
CUTENSOR_OP_EXP,bf16,kernel,[[1024]],0.007438,0.003708,2.0062
CUTENSOR_OP_EXP,bf16,kernel,[[2048]],0.006404,0.003808,1.6818
CUTENSOR_OP_EXP,bf16,kernel,[[4096]],0.006635,0.004404,1.5066
CUTENSOR_OP_EXP,bf16,kernel,[[8192]],0.007231,0.003962,1.8252
CUTENSOR_OP_EXP,bf16,kernel,[[16384]],0.008365,0.004519,1.8511
CUTENSOR_OP_EXP,bf16,kernel,[[32768]],0.010250,0.005519,1.8571
CUTENSOR_OP_EXP,bf16,kernel,[[65536]],0.010558,0.005712,1.8485
CUTENSOR_OP_EXP,bf16,kernel,[[131072]],0.010904,0.006019,1.8115
CUTENSOR_OP_EXP,bf16,kernel,[[262144]],0.012519,0.006981,1.7934
CUTENSOR_OP_EXP,bf16,kernel,[[524288]],0.015808,0.009019,1.7527
CUTENSOR_OP_EXP,bf16,kernel,[[1048576]],0.023192,0.014250,1.6275
CUTENSOR_OP_EXP,bf16,kernel,[[2097152]],0.037577,0.025173,1.4927
CUTENSOR_OP_EXP,bf16,kernel,[[4194304]],0.064654,0.046596,1.3875
CUTENSOR_OP_EXP,bf16,kernel,[[8388608]],0.143423,0.073673,1.9468
CUTENSOR_OP_EXP,bf16,kernel,"[[128,128]]",0.008288,0.004538,1.8263
CUTENSOR_OP_EXP,bf16,kernel,"[[32,64,16]]",0.010269,0.005577,1.8414
CUTENSOR_OP_EXP,bf16,kernel,"[[64,256]]",0.008269,0.004481,1.8455
CUTENSOR_OP_EXP,bf16,kernel,"[[16,64,64]]",0.010500,0.005865,1.7902
CUTENSOR_OP_EXP,bf16,kernel,"[[256,512]]",0.010808,0.006019,1.7955
CUTENSOR_OP_EXP,bf16,kernel,"[[128,1024]]",0.011192,0.006058,1.8476
CUTENSOR_OP_EXP,bf16,kernel,"[[64,64,64]]",0.012654,0.006962,1.8177
CUTENSOR_OP_EXP,bf16,kernel,"[[128,128,64]]",0.023385,0.014404,1.6235
CUTENSOR_OP_EXP,fp32,kernel,[[1024]],0.006654,0.003500,1.9011
CUTENSOR_OP_EXP,fp32,kernel,[[2048]],0.006962,0.003827,1.8191
CUTENSOR_OP_EXP,fp32,kernel,[[4096]],0.007269,0.004442,1.6364
CUTENSOR_OP_EXP,fp32,kernel,[[8192]],0.007712,0.004038,1.9095
CUTENSOR_OP_EXP,fp32,kernel,[[16384]],0.008865,0.004538,1.9534
CUTENSOR_OP_EXP,fp32,kernel,[[32768]],0.010808,0.005615,1.9247
CUTENSOR_OP_EXP,fp32,kernel,[[65536]],0.011173,0.005865,1.9049
CUTENSOR_OP_EXP,fp32,kernel,[[131072]],0.011981,0.006635,1.8058
CUTENSOR_OP_EXP,fp32,kernel,[[262144]],0.014577,0.008923,1.6336
CUTENSOR_OP_EXP,fp32,kernel,[[524288]],0.021635,0.014481,1.4940
CUTENSOR_OP_EXP,fp32,kernel,[[1048576]],0.035673,0.025154,1.4182
CUTENSOR_OP_EXP,fp32,kernel,[[2097152]],0.059558,0.046673,1.2761
CUTENSOR_OP_EXP,fp32,kernel,[[4194304]],0.136173,0.073327,1.8571
CUTENSOR_OP_EXP,fp32,kernel,[[8388608]],0.251058,0.131712,1.9061
CUTENSOR_OP_EXP,fp32,kernel,"[[128,128]]",0.008673,0.004577,1.8950
CUTENSOR_OP_EXP,fp32,kernel,"[[32,64,16]]",0.010731,0.005827,1.8416
CUTENSOR_OP_EXP,fp32,kernel,"[[64,256]]",0.008731,0.004538,1.9237
CUTENSOR_OP_EXP,fp32,kernel,"[[16,64,64]]",0.010788,0.005692,1.8953
CUTENSOR_OP_EXP,fp32,kernel,"[[256,512]]",0.011519,0.006692,1.7213
CUTENSOR_OP_EXP,fp32,kernel,"[[128,1024]]",0.011827,0.006654,1.7775
CUTENSOR_OP_EXP,fp32,kernel,"[[64,64,64]]",0.014462,0.008885,1.6277
CUTENSOR_OP_EXP,fp32,kernel,"[[128,128,64]]",0.035731,0.025077,1.4248
CUTENSOR_OP_EXP,fp16,kernel,[[1024]],0.007192,0.003462,2.0778
CUTENSOR_OP_EXP,fp16,kernel,[[2048]],0.006385,0.003654,1.7474
CUTENSOR_OP_EXP,fp16,kernel,[[4096]],0.006596,0.004192,1.5734
CUTENSOR_OP_EXP,fp16,kernel,[[8192]],0.007058,0.003808,1.8535
CUTENSOR_OP_EXP,fp16,kernel,[[16384]],0.008096,0.004327,1.8711
CUTENSOR_OP_EXP,fp16,kernel,[[32768]],0.010019,0.005250,1.9084
CUTENSOR_OP_EXP,fp16,kernel,[[65536]],0.010308,0.005327,1.9350
CUTENSOR_OP_EXP,fp16,kernel,[[131072]],0.010962,0.005885,1.8627
CUTENSOR_OP_EXP,fp16,kernel,[[262144]],0.012423,0.006712,1.8510
CUTENSOR_OP_EXP,fp16,kernel,[[524288]],0.015673,0.008885,1.7641
CUTENSOR_OP_EXP,fp16,kernel,[[1048576]],0.023077,0.014096,1.6371
CUTENSOR_OP_EXP,fp16,kernel,[[2097152]],0.037673,0.024923,1.5116
CUTENSOR_OP_EXP,fp16,kernel,[[4194304]],0.064846,0.046519,1.3940
CUTENSOR_OP_EXP,fp16,kernel,[[8388608]],0.143288,0.073385,1.9526
CUTENSOR_OP_EXP,fp16,kernel,"[[128,128]]",0.008365,0.004538,1.8432
CUTENSOR_OP_EXP,fp16,kernel,"[[32,64,16]]",0.010173,0.005500,1.8497
CUTENSOR_OP_EXP,fp16,kernel,"[[64,256]]",0.008288,0.004481,1.8498
CUTENSOR_OP_EXP,fp16,kernel,"[[16,64,64]]",0.010500,0.005577,1.8828
CUTENSOR_OP_EXP,fp16,kernel,"[[256,512]]",0.011058,0.005904,1.8730
CUTENSOR_OP_EXP,fp16,kernel,"[[128,1024]]",0.010846,0.005923,1.8312
CUTENSOR_OP_EXP,fp16,kernel,"[[64,64,64]]",0.012462,0.006673,1.8674
CUTENSOR_OP_EXP,fp16,kernel,"[[128,128,64]]",0.023173,0.014115,1.6417
CUTENSOR_OP_FLOOR,fp16,kernel,[[1024]],0.007908,0.003919,2.0177
CUTENSOR_OP_FLOOR,fp16,kernel,[[2048]],0.006654,0.004019,1.6555
CUTENSOR_OP_FLOOR,fp16,kernel,[[4096]],0.006904,0.004481,1.5408
CUTENSOR_OP_FLOOR,fp16,kernel,[[8192]],0.007500,0.004154,1.8056
CUTENSOR_OP_FLOOR,fp16,kernel,[[16384]],0.008577,0.004692,1.8279
CUTENSOR_OP_FLOOR,fp16,kernel,[[32768]],0.010500,0.005731,1.8322
CUTENSOR_OP_FLOOR,fp16,kernel,[[65536]],0.010904,0.005846,1.8651
CUTENSOR_OP_FLOOR,fp16,kernel,[[131072]],0.011327,0.006154,1.8406
CUTENSOR_OP_FLOOR,fp16,kernel,[[262144]],0.012808,0.007212,1.7760
CUTENSOR_OP_FLOOR,fp16,kernel,[[524288]],0.016096,0.009308,1.7293
CUTENSOR_OP_FLOOR,fp16,kernel,[[1048576]],0.023519,0.014500,1.6220
CUTENSOR_OP_FLOOR,fp16,kernel,[[2097152]],0.037750,0.025519,1.4793
CUTENSOR_OP_FLOOR,fp16,kernel,[[4194304]],0.064750,0.046596,1.3896
CUTENSOR_OP_FLOOR,fp16,kernel,[[8388608]],0.143404,0.074173,1.9334
CUTENSOR_OP_FLOOR,fp16,kernel,"[[128,128]]",0.008577,0.004712,1.8204
CUTENSOR_OP_FLOOR,fp16,kernel,"[[32,64,16]]",0.010519,0.005423,1.9397
CUTENSOR_OP_FLOOR,fp16,kernel,"[[64,256]]",0.008538,0.004673,1.8272
CUTENSOR_OP_FLOOR,fp16,kernel,"[[16,64,64]]",0.010846,0.005712,1.8990
CUTENSOR_OP_FLOOR,fp16,kernel,"[[256,512]]",0.011288,0.006154,1.8344
CUTENSOR_OP_FLOOR,fp16,kernel,"[[128,1024]]",0.011192,0.006077,1.8418
CUTENSOR_OP_FLOOR,fp16,kernel,"[[64,64,64]]",0.012808,0.006962,1.8398
CUTENSOR_OP_FLOOR,fp16,kernel,"[[128,128,64]]",0.023442,0.014327,1.6362
CUTENSOR_OP_FLOOR,bf16,kernel,[[1024]],0.007519,0.003712,2.0259
CUTENSOR_OP_FLOOR,bf16,kernel,[[2048]],0.006654,0.004000,1.6635
CUTENSOR_OP_FLOOR,bf16,kernel,[[4096]],0.006885,0.004462,1.5431
CUTENSOR_OP_FLOOR,bf16,kernel,[[8192]],0.007481,0.004077,1.8349
CUTENSOR_OP_FLOOR,bf16,kernel,[[16384]],0.008558,0.004577,1.8697
CUTENSOR_OP_FLOOR,bf16,kernel,[[32768]],0.010538,0.005500,1.9161
CUTENSOR_OP_FLOOR,bf16,kernel,[[65536]],0.010865,0.005712,1.9024
CUTENSOR_OP_FLOOR,bf16,kernel,[[131072]],0.011308,0.006096,1.8549
CUTENSOR_OP_FLOOR,bf16,kernel,[[262144]],0.012423,0.006962,1.7845
CUTENSOR_OP_FLOOR,bf16,kernel,[[524288]],0.016096,0.009077,1.7733
CUTENSOR_OP_FLOOR,bf16,kernel,[[1048576]],0.023423,0.014442,1.6218
CUTENSOR_OP_FLOOR,bf16,kernel,[[2097152]],0.037712,0.025481,1.4800
CUTENSOR_OP_FLOOR,bf16,kernel,[[4194304]],0.064654,0.046712,1.3841
CUTENSOR_OP_FLOOR,bf16,kernel,[[8388608]],0.143404,0.074115,1.9349
CUTENSOR_OP_FLOOR,bf16,kernel,"[[128,128]]",0.008596,0.004846,1.7738
CUTENSOR_OP_FLOOR,bf16,kernel,"[[32,64,16]]",0.008038,0.004481,1.7940
CUTENSOR_OP_FLOOR,bf16,kernel,"[[64,256]]",0.007365,0.004000,1.8413
CUTENSOR_OP_FLOOR,bf16,kernel,"[[16,64,64]]",0.010808,0.005846,1.8487
CUTENSOR_OP_FLOOR,bf16,kernel,"[[256,512]]",0.011327,0.006038,1.8758
CUTENSOR_OP_FLOOR,bf16,kernel,"[[128,1024]]",0.011269,0.006000,1.8782
CUTENSOR_OP_FLOOR,bf16,kernel,"[[64,64,64]]",0.012827,0.006923,1.8528
CUTENSOR_OP_FLOOR,bf16,kernel,"[[128,128,64]]",0.023462,0.014327,1.6376
CUTENSOR_OP_FLOOR,fp32,kernel,[[1024]],0.006712,0.003731,1.7990
CUTENSOR_OP_FLOOR,fp32,kernel,[[2048]],0.006904,0.003981,1.7343
CUTENSOR_OP_FLOOR,fp32,kernel,[[4096]],0.007173,0.004500,1.5940
CUTENSOR_OP_FLOOR,fp32,kernel,[[8192]],0.007712,0.004192,1.8394
CUTENSOR_OP_FLOOR,fp32,kernel,[[16384]],0.008808,0.004750,1.8543
CUTENSOR_OP_FLOOR,fp32,kernel,[[32768]],0.010788,0.005808,1.8576
CUTENSOR_OP_FLOOR,fp32,kernel,[[65536]],0.011327,0.006212,1.8235
CUTENSOR_OP_FLOOR,fp32,kernel,[[131072]],0.012442,0.007308,1.7026
CUTENSOR_OP_FLOOR,fp32,kernel,[[262144]],0.015192,0.009519,1.5960
CUTENSOR_OP_FLOOR,fp32,kernel,[[524288]],0.022442,0.014808,1.5156
CUTENSOR_OP_FLOOR,fp32,kernel,[[1048576]],0.036673,0.025538,1.4360
CUTENSOR_OP_FLOOR,fp32,kernel,[[2097152]],0.060558,0.047058,1.2869
CUTENSOR_OP_FLOOR,fp32,kernel,[[4194304]],0.136904,0.073635,1.8592
CUTENSOR_OP_FLOOR,fp32,kernel,[[8388608]],0.251442,0.131962,1.9054
CUTENSOR_OP_FLOOR,fp32,kernel,"[[128,128]]",0.008846,0.004865,1.8182
CUTENSOR_OP_FLOOR,fp32,kernel,"[[32,64,16]]",0.010788,0.005942,1.8155
CUTENSOR_OP_FLOOR,fp32,kernel,"[[64,256]]",0.008654,0.004769,1.8145
CUTENSOR_OP_FLOOR,fp32,kernel,"[[16,64,64]]",0.011231,0.005904,1.9023
CUTENSOR_OP_FLOOR,fp32,kernel,"[[256,512]]",0.011962,0.006962,1.7182
CUTENSOR_OP_FLOOR,fp32,kernel,"[[128,1024]]",0.011962,0.007077,1.6902
CUTENSOR_OP_FLOOR,fp32,kernel,"[[64,64,64]]",0.015115,0.009269,1.6307
CUTENSOR_OP_FLOOR,fp32,kernel,"[[128,128,64]]",0.036500,0.025346,1.4401
CUTENSOR_OP_IDENTITY,fp16,kernel,[[1024]],0.004081,0.003377,1.2084
CUTENSOR_OP_IDENTITY,fp16,kernel,[[2048]],0.003538,0.003500,1.0110
CUTENSOR_OP_IDENTITY,fp16,kernel,[[4096]],0.003712,0.003365,1.1029
CUTENSOR_OP_IDENTITY,fp16,kernel,[[8192]],0.003846,0.003442,1.1173
CUTENSOR_OP_IDENTITY,fp16,kernel,[[16384]],0.004115,0.003577,1.1505
CUTENSOR_OP_IDENTITY,fp16,kernel,[[32768]],0.004462,0.003846,1.1600
CUTENSOR_OP_IDENTITY,fp16,kernel,[[65536]],0.004654,0.004000,1.1635
CUTENSOR_OP_IDENTITY,fp16,kernel,[[131072]],0.005058,0.004500,1.1239
CUTENSOR_OP_IDENTITY,fp16,kernel,[[262144]],0.006269,0.005558,1.1280
CUTENSOR_OP_IDENTITY,fp16,kernel,[[524288]],0.009000,0.008019,1.1223
CUTENSOR_OP_IDENTITY,fp16,kernel,[[1048576]],0.014654,0.013500,1.0855
CUTENSOR_OP_IDENTITY,fp16,kernel,[[2097152]],0.025808,0.024346,1.0600
CUTENSOR_OP_IDENTITY,fp16,kernel,[[4194304]],0.048231,0.045731,1.0547
CUTENSOR_OP_IDENTITY,fp16,kernel,[[8388608]],0.077808,0.074115,1.0498
CUTENSOR_OP_IDENTITY,fp16,kernel,"[[128,128]]",0.004154,0.003654,1.1368
CUTENSOR_OP_IDENTITY,fp16,kernel,"[[32,64,16]]",0.004442,0.003750,1.1846
CUTENSOR_OP_IDENTITY,fp16,kernel,"[[64,256]]",0.004115,0.003577,1.1505
CUTENSOR_OP_IDENTITY,fp16,kernel,"[[16,64,64]]",0.004673,0.003942,1.1854
CUTENSOR_OP_IDENTITY,fp16,kernel,"[[256,512]]",0.005135,0.004500,1.1410
CUTENSOR_OP_IDENTITY,fp16,kernel,"[[128,1024]]",0.005038,0.004615,1.0917
CUTENSOR_OP_IDENTITY,fp16,kernel,"[[64,64,64]]",0.006269,0.005538,1.1319
CUTENSOR_OP_IDENTITY,fp16,kernel,"[[128,128,64]]",0.014692,0.013365,1.0993
CUTENSOR_OP_IDENTITY,bf16,kernel,[[1024]],0.003981,0.003212,1.2395
CUTENSOR_OP_IDENTITY,bf16,kernel,[[2048]],0.003558,0.003288,1.0819
CUTENSOR_OP_IDENTITY,bf16,kernel,[[4096]],0.003673,0.003442,1.0670
CUTENSOR_OP_IDENTITY,bf16,kernel,[[8192]],0.003846,0.003462,1.1111
CUTENSOR_OP_IDENTITY,bf16,kernel,[[16384]],0.004077,0.003577,1.1398
CUTENSOR_OP_IDENTITY,bf16,kernel,[[32768]],0.004442,0.003808,1.1667
CUTENSOR_OP_IDENTITY,bf16,kernel,[[65536]],0.004692,0.003962,1.1845
CUTENSOR_OP_IDENTITY,bf16,kernel,[[131072]],0.005077,0.004500,1.1282
CUTENSOR_OP_IDENTITY,bf16,kernel,[[262144]],0.006250,0.005615,1.1130
CUTENSOR_OP_IDENTITY,bf16,kernel,[[524288]],0.008923,0.008077,1.1048
CUTENSOR_OP_IDENTITY,bf16,kernel,[[1048576]],0.014673,0.013558,1.0823
CUTENSOR_OP_IDENTITY,bf16,kernel,[[2097152]],0.025692,0.024423,1.0520
CUTENSOR_OP_IDENTITY,bf16,kernel,[[4194304]],0.048308,0.045731,1.0563
CUTENSOR_OP_IDENTITY,bf16,kernel,[[8388608]],0.077808,0.074077,1.0504
CUTENSOR_OP_IDENTITY,bf16,kernel,"[[128,128]]",0.004135,0.003808,1.0859
CUTENSOR_OP_IDENTITY,bf16,kernel,"[[32,64,16]]",0.004462,0.003712,1.2021
CUTENSOR_OP_IDENTITY,bf16,kernel,"[[64,256]]",0.004096,0.003596,1.1390
CUTENSOR_OP_IDENTITY,bf16,kernel,"[[16,64,64]]",0.004769,0.004019,1.1866
CUTENSOR_OP_IDENTITY,bf16,kernel,"[[256,512]]",0.005154,0.005077,1.0152
CUTENSOR_OP_IDENTITY,bf16,kernel,"[[128,1024]]",0.005269,0.004865,1.0830
CUTENSOR_OP_IDENTITY,bf16,kernel,"[[64,64,64]]",0.006327,0.006019,1.0511
CUTENSOR_OP_IDENTITY,bf16,kernel,"[[128,128,64]]",0.014769,0.013596,1.0863
CUTENSOR_OP_IDENTITY,fp32,kernel,[[1024]],0.003519,0.003385,1.0398
CUTENSOR_OP_IDENTITY,fp32,kernel,[[2048]],0.003635,0.003481,1.0442
CUTENSOR_OP_IDENTITY,fp32,kernel,[[4096]],0.003981,0.004673,0.8519
CUTENSOR_OP_IDENTITY,fp32,kernel,[[8192]],0.004404,0.004154,1.0602
CUTENSOR_OP_IDENTITY,fp32,kernel,[[16384]],0.005192,0.004827,1.0757
CUTENSOR_OP_IDENTITY,fp32,kernel,[[32768]],0.004558,0.004500,1.0128
CUTENSOR_OP_IDENTITY,fp32,kernel,[[65536]],0.005000,0.005000,1.0000
CUTENSOR_OP_IDENTITY,fp32,kernel,[[131072]],0.006077,0.006096,0.9968
CUTENSOR_OP_IDENTITY,fp32,kernel,[[262144]],0.008404,0.008500,0.9887
CUTENSOR_OP_IDENTITY,fp32,kernel,[[524288]],0.013712,0.013885,0.9875
CUTENSOR_OP_IDENTITY,fp32,kernel,[[1048576]],0.024365,0.024481,0.9953
CUTENSOR_OP_IDENTITY,fp32,kernel,[[2097152]],0.045827,0.046096,0.9942
CUTENSOR_OP_IDENTITY,fp32,kernel,[[4194304]],0.074423,0.073346,1.0147
CUTENSOR_OP_IDENTITY,fp32,kernel,[[8388608]],0.131635,0.131731,0.9993
CUTENSOR_OP_IDENTITY,fp32,kernel,"[[128,128]]",0.004096,0.003885,1.0545
CUTENSOR_OP_IDENTITY,fp32,kernel,"[[32,64,16]]",0.004538,0.004365,1.0396
CUTENSOR_OP_IDENTITY,fp32,kernel,"[[64,256]]",0.004077,0.003808,1.0707
CUTENSOR_OP_IDENTITY,fp32,kernel,"[[16,64,64]]",0.004865,0.004538,1.0720
CUTENSOR_OP_IDENTITY,fp32,kernel,"[[256,512]]",0.005962,0.005788,1.0299
CUTENSOR_OP_IDENTITY,fp32,kernel,"[[128,1024]]",0.005962,0.005827,1.0231
CUTENSOR_OP_IDENTITY,fp32,kernel,"[[64,64,64]]",0.008365,0.008346,1.0023
CUTENSOR_OP_IDENTITY,fp32,kernel,"[[128,128,64]]",0.024596,0.024423,1.0071
CUTENSOR_OP_LOG,fp32,kernel,[[1024]],0.007112,0.003881,1.8325
CUTENSOR_OP_LOG,fp32,kernel,[[2048]],0.007385,0.004019,1.8373
CUTENSOR_OP_LOG,fp32,kernel,[[4096]],0.007750,0.004635,1.6722
CUTENSOR_OP_LOG,fp32,kernel,[[8192]],0.008481,0.004385,1.9342
CUTENSOR_OP_LOG,fp32,kernel,[[16384]],0.010000,0.005154,1.9403
CUTENSOR_OP_LOG,fp32,kernel,[[32768]],0.013058,0.006885,1.8966
CUTENSOR_OP_LOG,fp32,kernel,[[65536]],0.013327,0.006692,1.9914
CUTENSOR_OP_LOG,fp32,kernel,[[131072]],0.013981,0.007615,1.8359
CUTENSOR_OP_LOG,fp32,kernel,[[262144]],0.016385,0.009500,1.7247
CUTENSOR_OP_LOG,fp32,kernel,[[524288]],0.020019,0.014654,1.3661
CUTENSOR_OP_LOG,fp32,kernel,[[1048576]],0.034385,0.024404,1.4090
CUTENSOR_OP_LOG,fp32,kernel,[[2097152]],0.057981,0.045731,1.2679
CUTENSOR_OP_LOG,fp32,kernel,[[4194304]],0.135519,0.072942,1.8579
CUTENSOR_OP_LOG,fp32,kernel,[[8388608]],0.250250,0.131712,1.9000
CUTENSOR_OP_LOG,fp32,kernel,"[[128,128]]",0.007904,0.004327,1.8267
CUTENSOR_OP_LOG,fp32,kernel,"[[32,64,16]]",0.008731,0.005096,1.7132
CUTENSOR_OP_LOG,fp32,kernel,"[[64,256]]",0.007904,0.004308,1.8348
CUTENSOR_OP_LOG,fp32,kernel,"[[16,64,64]]",0.008962,0.005154,1.7388
CUTENSOR_OP_LOG,fp32,kernel,"[[256,512]]",0.009635,0.006000,1.6058
CUTENSOR_OP_LOG,fp32,kernel,"[[128,1024]]",0.009923,0.006058,1.6381
CUTENSOR_OP_LOG,fp32,kernel,"[[64,64,64]]",0.013038,0.008462,1.5409
CUTENSOR_OP_LOG,fp32,kernel,"[[128,128,64]]",0.034654,0.024654,1.4056
CUTENSOR_OP_LOG,fp16,kernel,[[1024]],0.007212,0.003596,2.0053
CUTENSOR_OP_LOG,fp16,kernel,[[2048]],0.006481,0.003750,1.7282
CUTENSOR_OP_LOG,fp16,kernel,[[4096]],0.006673,0.004038,1.6524
CUTENSOR_OP_LOG,fp16,kernel,[[8192]],0.006981,0.004404,1.5852
CUTENSOR_OP_LOG,fp16,kernel,[[16384]],0.007481,0.004558,1.6414
CUTENSOR_OP_LOG,fp16,kernel,[[32768]],0.008212,0.005058,1.6236
CUTENSOR_OP_LOG,fp16,kernel,[[65536]],0.008500,0.005404,1.5730
CUTENSOR_OP_LOG,fp16,kernel,[[131072]],0.008865,0.005577,1.5897
CUTENSOR_OP_LOG,fp16,kernel,[[262144]],0.010077,0.006731,1.4971
CUTENSOR_OP_LOG,fp16,kernel,[[524288]],0.013904,0.009115,1.5253
CUTENSOR_OP_LOG,fp16,kernel,[[1048576]],0.021788,0.014808,1.4714
CUTENSOR_OP_LOG,fp16,kernel,[[2097152]],0.036712,0.026385,1.3914
CUTENSOR_OP_LOG,fp16,kernel,[[4194304]],0.063942,0.048558,1.3168
CUTENSOR_OP_LOG,fp16,kernel,[[8388608]],0.142923,0.077135,1.8529
CUTENSOR_OP_LOG,fp16,kernel,"[[128,128]]",0.007423,0.004538,1.6356
CUTENSOR_OP_LOG,fp16,kernel,"[[32,64,16]]",0.008115,0.004769,1.7016
CUTENSOR_OP_LOG,fp16,kernel,"[[64,256]]",0.007365,0.004481,1.6438
CUTENSOR_OP_LOG,fp16,kernel,"[[16,64,64]]",0.008269,0.004808,1.7200
CUTENSOR_OP_LOG,fp16,kernel,"[[256,512]]",0.008654,0.005096,1.6981
CUTENSOR_OP_LOG,fp16,kernel,"[[128,1024]]",0.008712,0.005077,1.7159
CUTENSOR_OP_LOG,fp16,kernel,"[[64,64,64]]",0.010731,0.006385,1.6807
CUTENSOR_OP_LOG,fp16,kernel,"[[128,128,64]]",0.021788,0.014865,1.4657
CUTENSOR_OP_LOG,bf16,kernel,[[1024]],0.007212,0.003519,2.0492
CUTENSOR_OP_LOG,bf16,kernel,[[2048]],0.006481,0.003635,1.7831
CUTENSOR_OP_LOG,bf16,kernel,[[4096]],0.006692,0.003788,1.7665
CUTENSOR_OP_LOG,bf16,kernel,[[8192]],0.006904,0.003923,1.7598
CUTENSOR_OP_LOG,bf16,kernel,[[16384]],0.007365,0.004115,1.7897
CUTENSOR_OP_LOG,bf16,kernel,[[32768]],0.008154,0.004500,1.8120
CUTENSOR_OP_LOG,bf16,kernel,[[65536]],0.008404,0.004654,1.8058
CUTENSOR_OP_LOG,bf16,kernel,[[131072]],0.008808,0.004981,1.7683
CUTENSOR_OP_LOG,bf16,kernel,[[262144]],0.010712,0.006288,1.7034
CUTENSOR_OP_LOG,bf16,kernel,[[524288]],0.013885,0.008346,1.6636
CUTENSOR_OP_LOG,bf16,kernel,[[1048576]],0.021808,0.013519,1.6131
CUTENSOR_OP_LOG,bf16,kernel,[[2097152]],0.036500,0.025019,1.4589
CUTENSOR_OP_LOG,bf16,kernel,[[4194304]],0.063673,0.046269,1.3761
CUTENSOR_OP_LOG,bf16,kernel,[[8388608]],0.142288,0.074788,1.9025
CUTENSOR_OP_LOG,bf16,kernel,"[[128,128]]",0.007327,0.004135,1.7721
CUTENSOR_OP_LOG,bf16,kernel,"[[32,64,16]]",0.007885,0.004154,1.8981
CUTENSOR_OP_LOG,bf16,kernel,"[[64,256]]",0.007308,0.003962,1.8447
CUTENSOR_OP_LOG,bf16,kernel,"[[16,64,64]]",0.008192,0.004423,1.8522
CUTENSOR_OP_LOG,bf16,kernel,"[[256,512]]",0.008596,0.004923,1.7461
CUTENSOR_OP_LOG,bf16,kernel,"[[128,1024]]",0.008558,0.004923,1.7383
CUTENSOR_OP_LOG,bf16,kernel,"[[64,64,64]]",0.010519,0.006058,1.7365
CUTENSOR_OP_LOG,bf16,kernel,"[[128,128,64]]",0.021635,0.013346,1.6210
CUTENSOR_OP_MAX,fp32,kernel,[[1024]],0.010077,0.003962,2.5437
CUTENSOR_OP_MAX,fp32,kernel,[[2048]],0.010577,0.004077,2.5943
CUTENSOR_OP_MAX,fp32,kernel,[[4096]],0.010962,0.004481,2.4464
CUTENSOR_OP_MAX,fp32,kernel,[[8192]],0.011750,0.004404,2.6681
CUTENSOR_OP_MAX,fp32,kernel,[[16384]],0.013346,0.005038,2.6489
CUTENSOR_OP_MAX,fp32,kernel,[[32768]],0.016558,0.006135,2.6991
CUTENSOR_OP_MAX,fp32,kernel,[[65536]],0.017019,0.006654,2.5578
CUTENSOR_OP_MAX,fp32,kernel,[[131072]],0.018962,0.008673,2.1863
CUTENSOR_OP_MAX,fp32,kernel,[[262144]],0.024038,0.012904,1.8629
CUTENSOR_OP_MAX,fp32,kernel,[[524288]],0.036827,0.022115,1.6652
CUTENSOR_OP_MAX,fp32,kernel,[[1048576]],0.061404,0.040308,1.5234
CUTENSOR_OP_MAX,fp32,kernel,[[2097152]],0.124538,0.063712,1.9547
CUTENSOR_OP_MAX,fp32,kernel,[[4194304]],0.230635,0.107385,2.1477
CUTENSOR_OP_MAX,fp32,kernel,[[8388608]],0.430462,0.192962,2.2308
CUTENSOR_OP_MAX,fp32,kernel,"[[128,128]]",0.013481,0.005192,2.5963
CUTENSOR_OP_MAX,fp32,kernel,"[[32,64,16]]",0.016346,0.006231,2.6235
CUTENSOR_OP_MAX,fp32,kernel,"[[64,256]]",0.013404,0.005115,2.6203
CUTENSOR_OP_MAX,fp32,kernel,"[[16,64,64]]",0.017385,0.006865,2.5322
CUTENSOR_OP_MAX,fp32,kernel,"[[256,512]]",0.019385,0.008750,2.2154
CUTENSOR_OP_MAX,fp32,kernel,"[[128,1024]]",0.019385,0.008769,2.2105
CUTENSOR_OP_MAX,fp32,kernel,"[[64,64,64]]",0.024654,0.013000,1.8964
CUTENSOR_OP_MAX,fp32,kernel,"[[128,128,64]]",0.062212,0.040558,1.5339
CUTENSOR_OP_MAX,fp16,kernel,[[1024]],0.011250,0.003769,2.9847
CUTENSOR_OP_MAX,fp16,kernel,[[2048]],0.010423,0.004000,2.6058
CUTENSOR_OP_MAX,fp16,kernel,[[4096]],0.010827,0.004462,2.4267
CUTENSOR_OP_MAX,fp16,kernel,[[8192]],0.011635,0.004154,2.8009
CUTENSOR_OP_MAX,fp16,kernel,[[16384]],0.013288,0.004731,2.8089
CUTENSOR_OP_MAX,fp16,kernel,[[32768]],0.016135,0.005788,2.7874
CUTENSOR_OP_MAX,fp16,kernel,[[65536]],0.016769,0.006192,2.7081
CUTENSOR_OP_MAX,fp16,kernel,[[131072]],0.017865,0.006769,2.6392
CUTENSOR_OP_MAX,fp16,kernel,[[262144]],0.020654,0.008654,2.3867
CUTENSOR_OP_MAX,fp16,kernel,[[524288]],0.026500,0.012827,2.0660
CUTENSOR_OP_MAX,fp16,kernel,[[1048576]],0.040212,0.022038,1.8246
CUTENSOR_OP_MAX,fp16,kernel,[[2097152]],0.066615,0.040462,1.6464
CUTENSOR_OP_MAX,fp16,kernel,[[4194304]],0.134423,0.064692,2.0779
CUTENSOR_OP_MAX,fp16,kernel,[[8388608]],0.244154,0.107423,2.2728
CUTENSOR_OP_MAX,fp16,kernel,"[[128,128]]",0.013346,0.004712,2.8327
CUTENSOR_OP_MAX,fp16,kernel,"[[32,64,16]]",0.016154,0.005712,2.8283
CUTENSOR_OP_MAX,fp16,kernel,"[[64,256]]",0.013269,0.004712,2.8163
CUTENSOR_OP_MAX,fp16,kernel,"[[16,64,64]]",0.017000,0.006231,2.7284
CUTENSOR_OP_MAX,fp16,kernel,"[[256,512]]",0.017808,0.006904,2.5794
CUTENSOR_OP_MAX,fp16,kernel,"[[128,1024]]",0.017731,0.006885,2.5754
CUTENSOR_OP_MAX,fp16,kernel,"[[64,64,64]]",0.020212,0.008750,2.3099
CUTENSOR_OP_MAX,fp16,kernel,"[[128,128,64]]",0.040269,0.021885,1.8401
CUTENSOR_OP_MAX,bf16,kernel,[[1024]],0.011231,0.003673,3.0576
CUTENSOR_OP_MAX,bf16,kernel,[[2048]],0.010423,0.004077,2.5566
CUTENSOR_OP_MAX,bf16,kernel,[[4096]],0.010846,0.004577,2.3697
CUTENSOR_OP_MAX,bf16,kernel,[[8192]],0.011654,0.004250,2.7421
CUTENSOR_OP_MAX,bf16,kernel,[[16384]],0.013288,0.004731,2.8089
CUTENSOR_OP_MAX,bf16,kernel,[[32768]],0.016577,0.005865,2.8262
CUTENSOR_OP_MAX,bf16,kernel,[[65536]],0.016865,0.006077,2.7753
CUTENSOR_OP_MAX,bf16,kernel,[[131072]],0.017731,0.006808,2.6045
CUTENSOR_OP_MAX,bf16,kernel,[[262144]],0.020308,0.008538,2.3784
CUTENSOR_OP_MAX,bf16,kernel,[[524288]],0.026519,0.012788,2.0737
CUTENSOR_OP_MAX,bf16,kernel,[[1048576]],0.040442,0.021885,1.8480
CUTENSOR_OP_MAX,bf16,kernel,[[2097152]],0.067269,0.040442,1.6633
CUTENSOR_OP_MAX,bf16,kernel,[[4194304]],0.135058,0.064904,2.0809
CUTENSOR_OP_MAX,bf16,kernel,[[8388608]],0.244692,0.107750,2.2709
CUTENSOR_OP_MAX,bf16,kernel,"[[128,128]]",0.013577,0.004885,2.7795
CUTENSOR_OP_MAX,bf16,kernel,"[[32,64,16]]",0.016808,0.006212,2.7059
CUTENSOR_OP_MAX,bf16,kernel,"[[64,256]]",0.013519,0.004827,2.8008
CUTENSOR_OP_MAX,bf16,kernel,"[[16,64,64]]",0.017442,0.006288,2.7737
CUTENSOR_OP_MAX,bf16,kernel,"[[256,512]]",0.018115,0.007038,2.5738
CUTENSOR_OP_MAX,bf16,kernel,"[[128,1024]]",0.018212,0.006981,2.6088
CUTENSOR_OP_MAX,bf16,kernel,"[[64,64,64]]",0.020462,0.008808,2.3231
CUTENSOR_OP_MAX,bf16,kernel,"[[128,128,64]]",0.040923,0.022058,1.8553
CUTENSOR_OP_MIN,fp32,kernel,[[1024]],0.009365,0.003685,2.5418
CUTENSOR_OP_MIN,fp32,kernel,[[2048]],0.009788,0.003827,2.5578
CUTENSOR_OP_MIN,fp32,kernel,[[4096]],0.010192,0.004385,2.3246
CUTENSOR_OP_MIN,fp32,kernel,[[8192]],0.010981,0.004154,2.6435
CUTENSOR_OP_MIN,fp32,kernel,[[16384]],0.012692,0.004712,2.6939
CUTENSOR_OP_MIN,fp32,kernel,[[32768]],0.015788,0.005846,2.7007
CUTENSOR_OP_MIN,fp32,kernel,[[65536]],0.016750,0.006827,2.4535
CUTENSOR_OP_MIN,fp32,kernel,[[131072]],0.018788,0.008596,2.1857
CUTENSOR_OP_MIN,fp32,kernel,[[262144]],0.024077,0.012846,1.8743
CUTENSOR_OP_MIN,fp32,kernel,[[524288]],0.036673,0.022038,1.6640
CUTENSOR_OP_MIN,fp32,kernel,[[1048576]],0.061596,0.040385,1.5252
CUTENSOR_OP_MIN,fp32,kernel,[[2097152]],0.124519,0.063769,1.9527
CUTENSOR_OP_MIN,fp32,kernel,[[4194304]],0.230212,0.107385,2.1438
CUTENSOR_OP_MIN,fp32,kernel,[[8388608]],0.430192,0.192962,2.2294
CUTENSOR_OP_MIN,fp32,kernel,"[[128,128]]",0.012788,0.004981,2.5676
CUTENSOR_OP_MIN,fp32,kernel,"[[32,64,16]]",0.011962,0.005000,2.3923
CUTENSOR_OP_MIN,fp32,kernel,"[[64,256]]",0.010327,0.004000,2.5817
CUTENSOR_OP_MIN,fp32,kernel,"[[16,64,64]]",0.011865,0.005308,2.2355
CUTENSOR_OP_MIN,fp32,kernel,"[[256,512]]",0.014615,0.007519,1.9437
CUTENSOR_OP_MIN,fp32,kernel,"[[128,1024]]",0.014635,0.007462,1.9613
CUTENSOR_OP_MIN,fp32,kernel,"[[64,64,64]]",0.020538,0.011692,1.7566
CUTENSOR_OP_MIN,fp32,kernel,"[[128,128,64]]",0.057769,0.039269,1.4711
CUTENSOR_OP_MIN,fp16,kernel,[[1024]],0.010212,0.003308,3.0872
CUTENSOR_OP_MIN,fp16,kernel,[[2048]],0.009404,0.003365,2.7943
CUTENSOR_OP_MIN,fp16,kernel,[[4096]],0.010096,0.004346,2.3230
CUTENSOR_OP_MIN,fp16,kernel,[[8192]],0.011077,0.004038,2.7429
CUTENSOR_OP_MIN,fp16,kernel,[[16384]],0.012885,0.004673,2.7572
CUTENSOR_OP_MIN,fp16,kernel,[[32768]],0.016231,0.005942,2.7314
CUTENSOR_OP_MIN,fp16,kernel,[[65536]],0.016769,0.006154,2.7250
CUTENSOR_OP_MIN,fp16,kernel,[[131072]],0.017827,0.006846,2.6039
CUTENSOR_OP_MIN,fp16,kernel,[[262144]],0.020212,0.008596,2.3512
CUTENSOR_OP_MIN,fp16,kernel,[[524288]],0.026269,0.012827,2.0480
CUTENSOR_OP_MIN,fp16,kernel,[[1048576]],0.040173,0.021885,1.8357
CUTENSOR_OP_MIN,fp16,kernel,[[2097152]],0.066923,0.040385,1.6571
CUTENSOR_OP_MIN,fp16,kernel,[[4194304]],0.134308,0.064692,2.0761
CUTENSOR_OP_MIN,fp16,kernel,[[8388608]],0.244000,0.107615,2.2673
CUTENSOR_OP_MIN,fp16,kernel,"[[128,128]]",0.012769,0.004654,2.7438
CUTENSOR_OP_MIN,fp16,kernel,"[[32,64,16]]",0.015769,0.005923,2.6623
CUTENSOR_OP_MIN,fp16,kernel,"[[64,256]]",0.012615,0.004519,2.7915
CUTENSOR_OP_MIN,fp16,kernel,"[[16,64,64]]",0.015923,0.005846,2.7237
CUTENSOR_OP_MIN,fp16,kernel,"[[256,512]]",0.016635,0.006846,2.4298
CUTENSOR_OP_MIN,fp16,kernel,"[[128,1024]]",0.017346,0.006692,2.5920
CUTENSOR_OP_MIN,fp16,kernel,"[[64,64,64]]",0.019904,0.008500,2.3416
CUTENSOR_OP_MIN,fp16,kernel,"[[128,128,64]]",0.039365,0.021750,1.8099
CUTENSOR_OP_MIN,bf16,kernel,[[1024]],0.010481,0.003481,3.0110
CUTENSOR_OP_MIN,bf16,kernel,[[2048]],0.009654,0.003885,2.4851
CUTENSOR_OP_MIN,bf16,kernel,[[4096]],0.010115,0.004346,2.3274
CUTENSOR_OP_MIN,bf16,kernel,[[8192]],0.011038,0.004038,2.7333
CUTENSOR_OP_MIN,bf16,kernel,[[16384]],0.012673,0.004558,2.7806
CUTENSOR_OP_MIN,bf16,kernel,[[32768]],0.015673,0.005731,2.7349
CUTENSOR_OP_MIN,bf16,kernel,[[65536]],0.016231,0.005827,2.7855
CUTENSOR_OP_MIN,bf16,kernel,[[131072]],0.013462,0.006635,2.0290
CUTENSOR_OP_MIN,bf16,kernel,[[262144]],0.016365,0.007365,2.2219
CUTENSOR_OP_MIN,bf16,kernel,[[524288]],0.022731,0.011808,1.9251
CUTENSOR_OP_MIN,bf16,kernel,[[1048576]],0.036538,0.020731,1.7625
CUTENSOR_OP_MIN,bf16,kernel,[[2097152]],0.063115,0.039231,1.6088
CUTENSOR_OP_MIN,bf16,kernel,[[4194304]],0.130981,0.063635,2.0583
CUTENSOR_OP_MIN,bf16,kernel,[[8388608]],0.240673,0.106750,2.2545
CUTENSOR_OP_MIN,bf16,kernel,"[[128,128]]",0.011000,0.004192,2.6239
CUTENSOR_OP_MIN,bf16,kernel,"[[32,64,16]]",0.012077,0.005769,2.0933
CUTENSOR_OP_MIN,bf16,kernel,"[[64,256]]",0.010904,0.004577,2.3824
CUTENSOR_OP_MIN,bf16,kernel,"[[16,64,64]]",0.012385,0.006077,2.0380
CUTENSOR_OP_MIN,bf16,kernel,"[[256,512]]",0.013558,0.005500,2.4650
CUTENSOR_OP_MIN,bf16,kernel,"[[128,1024]]",0.013173,0.006635,1.9855
CUTENSOR_OP_MIN,bf16,kernel,"[[64,64,64]]",0.016212,0.007327,2.2126
CUTENSOR_OP_MIN,bf16,kernel,"[[128,128,64]]",0.035981,0.020654,1.7421
CUTENSOR_OP_MISH,bf16,kernel,[[1024]],0.014962,0.003796,3.9412
CUTENSOR_OP_MISH,bf16,kernel,[[2048]],0.014635,0.004058,3.6066
CUTENSOR_OP_MISH,bf16,kernel,[[4096]],0.015154,0.004635,3.2697
CUTENSOR_OP_MISH,bf16,kernel,[[8192]],0.016192,0.004404,3.6769
CUTENSOR_OP_MISH,bf16,kernel,[[16384]],0.018308,0.005019,3.6475
CUTENSOR_OP_MISH,bf16,kernel,[[32768]],0.022173,0.006115,3.6258
CUTENSOR_OP_MISH,bf16,kernel,[[65536]],0.022885,0.006192,3.6957
CUTENSOR_OP_MISH,bf16,kernel,[[131072]],0.023288,0.006923,3.3639
CUTENSOR_OP_MISH,bf16,kernel,[[262144]],0.026000,0.008327,3.1224
CUTENSOR_OP_MISH,bf16,kernel,[[524288]],0.031846,0.010981,2.9002
CUTENSOR_OP_MISH,bf16,kernel,[[1048576]],0.045327,0.016577,2.7343
CUTENSOR_OP_MISH,bf16,kernel,[[2097152]],0.066827,0.028904,2.3120
CUTENSOR_OP_MISH,bf16,kernel,[[4194304]],0.163538,0.050231,3.2557
CUTENSOR_OP_MISH,bf16,kernel,[[8388608]],0.310481,0.084712,3.6652
CUTENSOR_OP_MISH,bf16,kernel,"[[128,128]]",0.018154,0.005019,3.6169
CUTENSOR_OP_MISH,bf16,kernel,"[[32,64,16]]",0.022346,0.005981,3.7363
CUTENSOR_OP_MISH,bf16,kernel,"[[64,256]]",0.018577,0.004981,3.7297
CUTENSOR_OP_MISH,bf16,kernel,"[[16,64,64]]",0.022596,0.006173,3.6604
CUTENSOR_OP_MISH,bf16,kernel,"[[256,512]]",0.023404,0.006942,3.3712
CUTENSOR_OP_MISH,bf16,kernel,"[[128,1024]]",0.023346,0.006904,3.3816
CUTENSOR_OP_MISH,bf16,kernel,"[[64,64,64]]",0.025904,0.008154,3.1769
CUTENSOR_OP_MISH,bf16,kernel,"[[128,128,64]]",0.045269,0.016654,2.7182
CUTENSOR_OP_MISH,fp32,kernel,[[1024]],0.013596,0.003712,3.6632
CUTENSOR_OP_MISH,fp32,kernel,[[2048]],0.015500,0.004000,3.8750
CUTENSOR_OP_MISH,fp32,kernel,[[4096]],0.015981,0.004500,3.5513
CUTENSOR_OP_MISH,fp32,kernel,[[8192]],0.017038,0.004558,3.7384
CUTENSOR_OP_MISH,fp32,kernel,[[16384]],0.019038,0.005173,3.6803
CUTENSOR_OP_MISH,fp32,kernel,[[32768]],0.022865,0.006173,3.7040
CUTENSOR_OP_MISH,fp32,kernel,[[65536]],0.023115,0.006346,3.6424
CUTENSOR_OP_MISH,fp32,kernel,[[131072]],0.024692,0.007385,3.3438
CUTENSOR_OP_MISH,fp32,kernel,[[262144]],0.028827,0.009692,2.9742
CUTENSOR_OP_MISH,fp32,kernel,[[524288]],0.038173,0.015442,2.4720
CUTENSOR_OP_MISH,fp32,kernel,[[1048576]],0.057692,0.025769,2.2388
CUTENSOR_OP_MISH,fp32,kernel,[[2097152]],0.138462,0.048000,2.8846
CUTENSOR_OP_MISH,fp32,kernel,[[4194304]],0.289346,0.076808,3.7672
CUTENSOR_OP_MISH,fp32,kernel,[[8388608]],0.547019,0.134654,4.0624
CUTENSOR_OP_MISH,fp32,kernel,"[[128,128]]",0.018885,0.005058,3.7338
CUTENSOR_OP_MISH,fp32,kernel,"[[32,64,16]]",0.022923,0.006038,3.7962
CUTENSOR_OP_MISH,fp32,kernel,"[[64,256]]",0.018962,0.005038,3.7634
CUTENSOR_OP_MISH,fp32,kernel,"[[16,64,64]]",0.022942,0.006250,3.6708
CUTENSOR_OP_MISH,fp32,kernel,"[[256,512]]",0.024154,0.007404,3.2623
CUTENSOR_OP_MISH,fp32,kernel,"[[128,1024]]",0.024385,0.007462,3.2680
CUTENSOR_OP_MISH,fp32,kernel,"[[64,64,64]]",0.028308,0.009750,2.9034
CUTENSOR_OP_MISH,fp32,kernel,"[[128,128,64]]",0.054769,0.025731,2.1285
CUTENSOR_OP_MISH,fp16,kernel,[[1024]],0.015231,0.003615,4.2128
CUTENSOR_OP_MISH,fp16,kernel,[[2048]],0.014615,0.004000,3.6538
CUTENSOR_OP_MISH,fp16,kernel,[[4096]],0.014846,0.003962,3.7476
CUTENSOR_OP_MISH,fp16,kernel,[[8192]],0.015231,0.004462,3.4138
CUTENSOR_OP_MISH,fp16,kernel,[[16384]],0.017712,0.004462,3.9698
CUTENSOR_OP_MISH,fp16,kernel,[[32768]],0.017365,0.004962,3.5000
CUTENSOR_OP_MISH,fp16,kernel,[[65536]],0.017712,0.006288,2.8165
CUTENSOR_OP_MISH,fp16,kernel,[[131072]],0.017942,0.005808,3.0894
CUTENSOR_OP_MISH,fp16,kernel,[[262144]],0.020865,0.007442,2.8036
CUTENSOR_OP_MISH,fp16,kernel,[[524288]],0.026942,0.009865,2.7310
CUTENSOR_OP_MISH,fp16,kernel,[[1048576]],0.039962,0.015942,2.5066
CUTENSOR_OP_MISH,fp16,kernel,[[2097152]],0.062635,0.028077,2.2308
CUTENSOR_OP_MISH,fp16,kernel,[[4194304]],0.160115,0.049404,3.2409
CUTENSOR_OP_MISH,fp16,kernel,[[8388608]],0.306615,0.084077,3.6468
CUTENSOR_OP_MISH,fp16,kernel,"[[128,128]]",0.015615,0.004346,3.5929
CUTENSOR_OP_MISH,fp16,kernel,"[[32,64,16]]",0.016904,0.004385,3.8553
CUTENSOR_OP_MISH,fp16,kernel,"[[64,256]]",0.015692,0.004365,3.5947
CUTENSOR_OP_MISH,fp16,kernel,"[[16,64,64]]",0.017250,0.004712,3.6612
CUTENSOR_OP_MISH,fp16,kernel,"[[256,512]]",0.017212,0.005423,3.1738
CUTENSOR_OP_MISH,fp16,kernel,"[[128,1024]]",0.018250,0.005442,3.3534
CUTENSOR_OP_MISH,fp16,kernel,"[[64,64,64]]",0.021000,0.007115,2.9514
CUTENSOR_OP_MISH,fp16,kernel,"[[128,128,64]]",0.040558,0.015827,2.5626
CUTENSOR_OP_MUL,bf16,kernel,[[1024]],0.011400,0.003900,2.9231
CUTENSOR_OP_MUL,bf16,kernel,[[2048]],0.009788,0.004135,2.3674
CUTENSOR_OP_MUL,bf16,kernel,[[4096]],0.010212,0.004635,2.2033
CUTENSOR_OP_MUL,bf16,kernel,[[8192]],0.011192,0.004269,2.6216
CUTENSOR_OP_MUL,bf16,kernel,[[16384]],0.012654,0.004846,2.6111
CUTENSOR_OP_MUL,bf16,kernel,[[32768]],0.016077,0.006019,2.6709
CUTENSOR_OP_MUL,bf16,kernel,[[65536]],0.016250,0.006250,2.6000
CUTENSOR_OP_MUL,bf16,kernel,[[131072]],0.017135,0.006904,2.4819
CUTENSOR_OP_MUL,bf16,kernel,[[262144]],0.019654,0.008635,2.2762
CUTENSOR_OP_MUL,bf16,kernel,[[524288]],0.026154,0.013096,1.9971
CUTENSOR_OP_MUL,bf16,kernel,[[1048576]],0.039692,0.022096,1.7963
CUTENSOR_OP_MUL,bf16,kernel,[[2097152]],0.066481,0.040481,1.6423
CUTENSOR_OP_MUL,bf16,kernel,[[4194304]],0.131673,0.064692,2.0354
CUTENSOR_OP_MUL,bf16,kernel,[[8388608]],0.241077,0.107250,2.2478
CUTENSOR_OP_MUL,bf16,kernel,"[[128,128]]",0.011192,0.004404,2.5415
CUTENSOR_OP_MUL,bf16,kernel,"[[32,64,16]]",0.012135,0.005058,2.3992
CUTENSOR_OP_MUL,bf16,kernel,"[[64,256]]",0.010962,0.004750,2.3077
CUTENSOR_OP_MUL,bf16,kernel,"[[16,64,64]]",0.012808,0.005250,2.4396
CUTENSOR_OP_MUL,bf16,kernel,"[[256,512]]",0.013712,0.005942,2.3074
CUTENSOR_OP_MUL,bf16,kernel,"[[128,1024]]",0.013692,0.006000,2.2821
CUTENSOR_OP_MUL,bf16,kernel,"[[64,64,64]]",0.016596,0.007942,2.0896
CUTENSOR_OP_MUL,bf16,kernel,"[[128,128,64]]",0.036788,0.021788,1.6884
CUTENSOR_OP_MUL,fp32,kernel,[[1024]],0.009462,0.003731,2.5361
CUTENSOR_OP_MUL,fp32,kernel,[[2048]],0.009865,0.003788,2.6041
CUTENSOR_OP_MUL,fp32,kernel,[[4096]],0.010115,0.004019,2.5167
CUTENSOR_OP_MUL,fp32,kernel,[[8192]],0.010500,0.004481,2.3433
CUTENSOR_OP_MUL,fp32,kernel,[[16384]],0.012981,0.004269,3.0405
CUTENSOR_OP_MUL,fp32,kernel,[[32768]],0.016077,0.006192,2.5963
CUTENSOR_OP_MUL,fp32,kernel,[[65536]],0.016673,0.006750,2.4701
CUTENSOR_OP_MUL,fp32,kernel,[[131072]],0.018750,0.008615,2.1763
CUTENSOR_OP_MUL,fp32,kernel,[[262144]],0.024154,0.012846,1.8802
CUTENSOR_OP_MUL,fp32,kernel,[[524288]],0.036962,0.022077,1.6742
CUTENSOR_OP_MUL,fp32,kernel,[[1048576]],0.061846,0.040365,1.5322
CUTENSOR_OP_MUL,fp32,kernel,[[2097152]],0.124654,0.063692,1.9571
CUTENSOR_OP_MUL,fp32,kernel,[[4194304]],0.230442,0.107481,2.1440
CUTENSOR_OP_MUL,fp32,kernel,[[8388608]],0.430308,0.193038,2.2291
CUTENSOR_OP_MUL,fp32,kernel,"[[128,128]]",0.012962,0.005077,2.5530
CUTENSOR_OP_MUL,fp32,kernel,"[[32,64,16]]",0.016077,0.006077,2.6456
CUTENSOR_OP_MUL,fp32,kernel,"[[64,256]]",0.013154,0.005000,2.6308
CUTENSOR_OP_MUL,fp32,kernel,"[[16,64,64]]",0.017077,0.006981,2.4463
CUTENSOR_OP_MUL,fp32,kernel,"[[256,512]]",0.018769,0.008596,2.1834
CUTENSOR_OP_MUL,fp32,kernel,"[[128,1024]]",0.019038,0.008558,2.2247
CUTENSOR_OP_MUL,fp32,kernel,"[[64,64,64]]",0.024231,0.012885,1.8806
CUTENSOR_OP_MUL,fp32,kernel,"[[128,128,64]]",0.061788,0.040596,1.5220
CUTENSOR_OP_MUL,fp16,kernel,[[1024]],0.010885,0.003769,2.8878
CUTENSOR_OP_MUL,fp16,kernel,[[2048]],0.009712,0.004019,2.4163
CUTENSOR_OP_MUL,fp16,kernel,[[4096]],0.010173,0.004481,2.2704
CUTENSOR_OP_MUL,fp16,kernel,[[8192]],0.011058,0.004212,2.6256
CUTENSOR_OP_MUL,fp16,kernel,[[16384]],0.012712,0.004635,2.7427
CUTENSOR_OP_MUL,fp16,kernel,[[32768]],0.015673,0.005808,2.6987
CUTENSOR_OP_MUL,fp16,kernel,[[65536]],0.016173,0.005981,2.7042
CUTENSOR_OP_MUL,fp16,kernel,[[131072]],0.017365,0.006885,2.5223
CUTENSOR_OP_MUL,fp16,kernel,[[262144]],0.019904,0.008615,2.3103
CUTENSOR_OP_MUL,fp16,kernel,[[524288]],0.026038,0.012769,2.0392
CUTENSOR_OP_MUL,fp16,kernel,[[1048576]],0.039750,0.021904,1.8147
CUTENSOR_OP_MUL,fp16,kernel,[[2097152]],0.066308,0.040500,1.6372
CUTENSOR_OP_MUL,fp16,kernel,[[4194304]],0.134442,0.064654,2.0794
CUTENSOR_OP_MUL,fp16,kernel,[[8388608]],0.243808,0.107423,2.2696
CUTENSOR_OP_MUL,fp16,kernel,"[[128,128]]",0.012808,0.004750,2.6964
CUTENSOR_OP_MUL,fp16,kernel,"[[32,64,16]]",0.015673,0.005923,2.6461
CUTENSOR_OP_MUL,fp16,kernel,"[[64,256]]",0.012654,0.004712,2.6857
CUTENSOR_OP_MUL,fp16,kernel,"[[16,64,64]]",0.016269,0.006019,2.7029
CUTENSOR_OP_MUL,fp16,kernel,"[[256,512]]",0.017192,0.006788,2.5326
CUTENSOR_OP_MUL,fp16,kernel,"[[128,1024]]",0.017154,0.006827,2.5127
CUTENSOR_OP_MUL,fp16,kernel,"[[64,64,64]]",0.019865,0.008654,2.2956
CUTENSOR_OP_MUL,fp16,kernel,"[[128,128,64]]",0.039481,0.021904,1.8025
CUTENSOR_OP_NEG,fp32,kernel,[[1024]],0.006985,0.003877,1.8016
CUTENSOR_OP_NEG,fp32,kernel,[[2048]],0.006904,0.004038,1.7095
CUTENSOR_OP_NEG,fp32,kernel,[[4096]],0.007173,0.004558,1.5738
CUTENSOR_OP_NEG,fp32,kernel,[[8192]],0.007712,0.004212,1.8311
CUTENSOR_OP_NEG,fp32,kernel,[[16384]],0.008769,0.004750,1.8462
CUTENSOR_OP_NEG,fp32,kernel,[[32768]],0.010923,0.006308,1.7317
CUTENSOR_OP_NEG,fp32,kernel,[[65536]],0.008731,0.005308,1.6449
CUTENSOR_OP_NEG,fp32,kernel,[[131072]],0.012327,0.007173,1.7185
CUTENSOR_OP_NEG,fp32,kernel,[[262144]],0.015077,0.009250,1.6299
CUTENSOR_OP_NEG,fp32,kernel,[[524288]],0.022154,0.014788,1.4980
CUTENSOR_OP_NEG,fp32,kernel,[[1048576]],0.034981,0.025442,1.3749
CUTENSOR_OP_NEG,fp32,kernel,[[2097152]],0.058500,0.045923,1.2739
CUTENSOR_OP_NEG,fp32,kernel,[[4194304]],0.135077,0.073019,1.8499
CUTENSOR_OP_NEG,fp32,kernel,[[8388608]],0.249885,0.132154,1.8909
CUTENSOR_OP_NEG,fp32,kernel,"[[128,128]]",0.007577,0.004327,1.7511
CUTENSOR_OP_NEG,fp32,kernel,"[[32,64,16]]",0.008327,0.004981,1.6718
CUTENSOR_OP_NEG,fp32,kernel,"[[64,256]]",0.007577,0.004808,1.5760
CUTENSOR_OP_NEG,fp32,kernel,"[[16,64,64]]",0.010558,0.006269,1.6840
CUTENSOR_OP_NEG,fp32,kernel,"[[256,512]]",0.012077,0.007096,1.7019
CUTENSOR_OP_NEG,fp32,kernel,"[[128,1024]]",0.012404,0.007269,1.7063
CUTENSOR_OP_NEG,fp32,kernel,"[[64,64,64]]",0.015115,0.009250,1.6341
CUTENSOR_OP_NEG,fp32,kernel,"[[128,128,64]]",0.036385,0.025442,1.4301
CUTENSOR_OP_NEG,fp16,kernel,[[1024]],0.007481,0.003712,2.0155
CUTENSOR_OP_NEG,fp16,kernel,[[2048]],0.006635,0.004019,1.6507
CUTENSOR_OP_NEG,fp16,kernel,[[4096]],0.006904,0.004519,1.5277
CUTENSOR_OP_NEG,fp16,kernel,[[8192]],0.007481,0.004096,1.8263
CUTENSOR_OP_NEG,fp16,kernel,[[16384]],0.008558,0.004635,1.8465
CUTENSOR_OP_NEG,fp16,kernel,[[32768]],0.010558,0.005635,1.8737
CUTENSOR_OP_NEG,fp16,kernel,[[65536]],0.010923,0.005942,1.8382
CUTENSOR_OP_NEG,fp16,kernel,[[131072]],0.011385,0.006154,1.8500
CUTENSOR_OP_NEG,fp16,kernel,[[262144]],0.012827,0.006981,1.8375
CUTENSOR_OP_NEG,fp16,kernel,[[524288]],0.016192,0.009308,1.7397
CUTENSOR_OP_NEG,fp16,kernel,[[1048576]],0.023481,0.014558,1.6129
CUTENSOR_OP_NEG,fp16,kernel,[[2097152]],0.037769,0.025442,1.4845
CUTENSOR_OP_NEG,fp16,kernel,[[4194304]],0.064712,0.046942,1.3785
CUTENSOR_OP_NEG,fp16,kernel,[[8388608]],0.143442,0.074962,1.9135
CUTENSOR_OP_NEG,fp16,kernel,"[[128,128]]",0.008635,0.004673,1.8477
CUTENSOR_OP_NEG,fp16,kernel,"[[32,64,16]]",0.010538,0.005596,1.8832
CUTENSOR_OP_NEG,fp16,kernel,"[[64,256]]",0.008577,0.004615,1.8583
CUTENSOR_OP_NEG,fp16,kernel,"[[16,64,64]]",0.010885,0.005827,1.8680
CUTENSOR_OP_NEG,fp16,kernel,"[[256,512]]",0.011404,0.006269,1.8190
CUTENSOR_OP_NEG,fp16,kernel,"[[128,1024]]",0.011346,0.006250,1.8154
CUTENSOR_OP_NEG,fp16,kernel,"[[64,64,64]]",0.012904,0.007058,1.8283
CUTENSOR_OP_NEG,fp16,kernel,"[[128,128,64]]",0.023462,0.014558,1.6116
CUTENSOR_OP_NEG,bf16,kernel,[[1024]],0.007462,0.003731,2.0000
CUTENSOR_OP_NEG,bf16,kernel,[[2048]],0.006654,0.003981,1.6715
CUTENSOR_OP_NEG,bf16,kernel,[[4096]],0.006904,0.004481,1.5408
CUTENSOR_OP_NEG,bf16,kernel,[[8192]],0.007500,0.004115,1.8224
CUTENSOR_OP_NEG,bf16,kernel,[[16384]],0.008596,0.004692,1.8320
CUTENSOR_OP_NEG,bf16,kernel,[[32768]],0.010577,0.005769,1.8333
CUTENSOR_OP_NEG,bf16,kernel,[[65536]],0.010962,0.005923,1.8506
CUTENSOR_OP_NEG,bf16,kernel,[[131072]],0.011404,0.006250,1.8246
CUTENSOR_OP_NEG,bf16,kernel,[[262144]],0.012846,0.007058,1.8202
CUTENSOR_OP_NEG,bf16,kernel,[[524288]],0.016115,0.009212,1.7495
CUTENSOR_OP_NEG,bf16,kernel,[[1048576]],0.023500,0.014596,1.6100
CUTENSOR_OP_NEG,bf16,kernel,[[2097152]],0.037865,0.025596,1.4793
CUTENSOR_OP_NEG,bf16,kernel,[[4194304]],0.064827,0.046962,1.3804
CUTENSOR_OP_NEG,bf16,kernel,[[8388608]],0.143635,0.074288,1.9335
CUTENSOR_OP_NEG,bf16,kernel,"[[128,128]]",0.008654,0.004788,1.8072
CUTENSOR_OP_NEG,bf16,kernel,"[[32,64,16]]",0.010635,0.005788,1.8372
CUTENSOR_OP_NEG,bf16,kernel,"[[64,256]]",0.008615,0.004692,1.8361
CUTENSOR_OP_NEG,bf16,kernel,"[[16,64,64]]",0.010942,0.005962,1.8355
CUTENSOR_OP_NEG,bf16,kernel,"[[256,512]]",0.011404,0.006346,1.7970
CUTENSOR_OP_NEG,bf16,kernel,"[[128,1024]]",0.011327,0.006250,1.8123
CUTENSOR_OP_NEG,bf16,kernel,"[[64,64,64]]",0.012942,0.007058,1.8338
CUTENSOR_OP_NEG,bf16,kernel,"[[128,128,64]]",0.023442,0.014538,1.6124
CUTENSOR_OP_RCP,bf16,kernel,[[1024]],0.007312,0.003600,2.0310
CUTENSOR_OP_RCP,bf16,kernel,[[2048]],0.006154,0.003596,1.7112
CUTENSOR_OP_RCP,bf16,kernel,[[4096]],0.006327,0.004096,1.5446
CUTENSOR_OP_RCP,bf16,kernel,[[8192]],0.006615,0.003769,1.7551
CUTENSOR_OP_RCP,bf16,kernel,[[16384]],0.007038,0.004115,1.7103
CUTENSOR_OP_RCP,bf16,kernel,[[32768]],0.007788,0.005096,1.5283
CUTENSOR_OP_RCP,bf16,kernel,[[65536]],0.008115,0.004885,1.6614
CUTENSOR_OP_RCP,bf16,kernel,[[131072]],0.008577,0.005269,1.6277
CUTENSOR_OP_RCP,bf16,kernel,[[262144]],0.010365,0.006231,1.6636
CUTENSOR_OP_RCP,bf16,kernel,[[524288]],0.013519,0.008538,1.5833
CUTENSOR_OP_RCP,bf16,kernel,[[1048576]],0.021231,0.013635,1.5571
CUTENSOR_OP_RCP,bf16,kernel,[[2097152]],0.035750,0.024635,1.4512
CUTENSOR_OP_RCP,bf16,kernel,[[4194304]],0.062500,0.045692,1.3678
CUTENSOR_OP_RCP,bf16,kernel,[[8388608]],0.141250,0.073577,1.9198
CUTENSOR_OP_RCP,bf16,kernel,"[[128,128]]",0.007038,0.004058,1.7346
CUTENSOR_OP_RCP,bf16,kernel,"[[32,64,16]]",0.007673,0.004346,1.7655
CUTENSOR_OP_RCP,bf16,kernel,"[[64,256]]",0.006942,0.003692,1.8802
CUTENSOR_OP_RCP,bf16,kernel,"[[16,64,64]]",0.007923,0.004269,1.8559
CUTENSOR_OP_RCP,bf16,kernel,"[[256,512]]",0.008308,0.004731,1.7561
CUTENSOR_OP_RCP,bf16,kernel,"[[128,1024]]",0.008365,0.004712,1.7755
CUTENSOR_OP_RCP,bf16,kernel,"[[64,64,64]]",0.010154,0.005769,1.7600
CUTENSOR_OP_RCP,bf16,kernel,"[[128,128,64]]",0.021038,0.013192,1.5948
CUTENSOR_OP_RCP,fp32,kernel,[[1024]],0.006115,0.003385,1.8068
CUTENSOR_OP_RCP,fp32,kernel,[[2048]],0.006404,0.003481,1.8398
CUTENSOR_OP_RCP,fp32,kernel,[[4096]],0.006538,0.003519,1.8579
CUTENSOR_OP_RCP,fp32,kernel,[[8192]],0.006731,0.003750,1.7949
CUTENSOR_OP_RCP,fp32,kernel,[[16384]],0.007173,0.003885,1.8465
CUTENSOR_OP_RCP,fp32,kernel,[[32768]],0.007865,0.004212,1.8676
CUTENSOR_OP_RCP,fp32,kernel,[[65536]],0.008288,0.004808,1.7240
CUTENSOR_OP_RCP,fp32,kernel,[[131072]],0.009212,0.005558,1.6574
CUTENSOR_OP_RCP,fp32,kernel,[[262144]],0.012577,0.008077,1.5571
CUTENSOR_OP_RCP,fp32,kernel,[[524288]],0.020038,0.013462,1.4886
CUTENSOR_OP_RCP,fp32,kernel,[[1048576]],0.034442,0.024192,1.4237
CUTENSOR_OP_RCP,fp32,kernel,[[2097152]],0.058096,0.045712,1.2709
CUTENSOR_OP_RCP,fp32,kernel,[[4194304]],0.134500,0.072212,1.8626
CUTENSOR_OP_RCP,fp32,kernel,[[8388608]],0.249231,0.131385,1.8970
CUTENSOR_OP_RCP,fp32,kernel,"[[128,128]]",0.007173,0.003923,1.8284
CUTENSOR_OP_RCP,fp32,kernel,"[[32,64,16]]",0.007846,0.004192,1.8716
CUTENSOR_OP_RCP,fp32,kernel,"[[64,256]]",0.007115,0.003788,1.8782
CUTENSOR_OP_RCP,fp32,kernel,"[[16,64,64]]",0.008288,0.004981,1.6641
CUTENSOR_OP_RCP,fp32,kernel,"[[256,512]]",0.009538,0.005654,1.6871
CUTENSOR_OP_RCP,fp32,kernel,"[[128,1024]]",0.009519,0.005577,1.7069
CUTENSOR_OP_RCP,fp32,kernel,"[[64,64,64]]",0.012635,0.008154,1.5495
CUTENSOR_OP_RCP,fp32,kernel,"[[128,128,64]]",0.034538,0.024365,1.4175
CUTENSOR_OP_RCP,fp16,kernel,[[1024]],0.006942,0.003365,2.0629
CUTENSOR_OP_RCP,fp16,kernel,[[2048]],0.006115,0.003481,1.7569
CUTENSOR_OP_RCP,fp16,kernel,[[4096]],0.006250,0.003462,1.8056
CUTENSOR_OP_RCP,fp16,kernel,[[8192]],0.006500,0.003596,1.8075
CUTENSOR_OP_RCP,fp16,kernel,[[16384]],0.007038,0.003731,1.8866
CUTENSOR_OP_RCP,fp16,kernel,[[32768]],0.012212,0.005019,2.4330
CUTENSOR_OP_RCP,fp16,kernel,[[65536]],0.012442,0.006250,1.9908
CUTENSOR_OP_RCP,fp16,kernel,[[131072]],0.012519,0.006538,1.9147
CUTENSOR_OP_RCP,fp16,kernel,[[262144]],0.013654,0.007404,1.8442
CUTENSOR_OP_RCP,fp16,kernel,[[524288]],0.016750,0.008750,1.9143
CUTENSOR_OP_RCP,fp16,kernel,[[1048576]],0.024212,0.014404,1.6809
CUTENSOR_OP_RCP,fp16,kernel,[[2097152]],0.038558,0.025308,1.5236
CUTENSOR_OP_RCP,fp16,kernel,[[4194304]],0.062135,0.046558,1.3346
CUTENSOR_OP_RCP,fp16,kernel,[[8388608]],0.141269,0.073173,1.9306
CUTENSOR_OP_RCP,fp16,kernel,"[[128,128]]",0.007019,0.003808,1.8434
CUTENSOR_OP_RCP,fp16,kernel,"[[32,64,16]]",0.007692,0.003923,1.9608
CUTENSOR_OP_RCP,fp16,kernel,"[[64,256]]",0.006962,0.003788,1.8376
CUTENSOR_OP_RCP,fp16,kernel,"[[16,64,64]]",0.007942,0.004192,1.8945
CUTENSOR_OP_RCP,fp16,kernel,"[[256,512]]",0.008404,0.004654,1.8058
CUTENSOR_OP_RCP,fp16,kernel,"[[128,1024]]",0.008365,0.004654,1.7975
CUTENSOR_OP_RCP,fp16,kernel,"[[64,64,64]]",0.010077,0.005692,1.7703
CUTENSOR_OP_RCP,fp16,kernel,"[[128,128,64]]",0.021115,0.013231,1.5959
CUTENSOR_OP_RELU,fp32,kernel,[[1024]],0.007031,0.003662,1.9202
CUTENSOR_OP_RELU,fp32,kernel,[[2048]],0.007135,0.003769,1.8929
CUTENSOR_OP_RELU,fp32,kernel,[[4096]],0.007423,0.004346,1.7080
CUTENSOR_OP_RELU,fp32,kernel,[[8192]],0.008038,0.004058,1.9810
CUTENSOR_OP_RELU,fp32,kernel,[[16384]],0.009058,0.004558,1.9873
CUTENSOR_OP_RELU,fp32,kernel,[[32768]],0.010885,0.005692,1.9122
CUTENSOR_OP_RELU,fp32,kernel,[[65536]],0.011173,0.005846,1.9112
CUTENSOR_OP_RELU,fp32,kernel,[[131072]],0.012096,0.006692,1.8075
CUTENSOR_OP_RELU,fp32,kernel,[[262144]],0.014635,0.008923,1.6401
CUTENSOR_OP_RELU,fp32,kernel,[[524288]],0.021558,0.014365,1.5007
CUTENSOR_OP_RELU,fp32,kernel,[[1048576]],0.035731,0.025135,1.4216
CUTENSOR_OP_RELU,fp32,kernel,[[2097152]],0.059731,0.046538,1.2835
CUTENSOR_OP_RELU,fp32,kernel,[[4194304]],0.136462,0.073346,1.8605
CUTENSOR_OP_RELU,fp32,kernel,[[8388608]],0.251385,0.131692,1.9089
CUTENSOR_OP_RELU,fp32,kernel,"[[128,128]]",0.009058,0.004615,1.9625
CUTENSOR_OP_RELU,fp32,kernel,"[[32,64,16]]",0.010981,0.005596,1.9622
CUTENSOR_OP_RELU,fp32,kernel,"[[64,256]]",0.008923,0.004500,1.9829
CUTENSOR_OP_RELU,fp32,kernel,"[[16,64,64]]",0.011231,0.005885,1.9085
CUTENSOR_OP_RELU,fp32,kernel,"[[256,512]]",0.011654,0.007038,1.6557
CUTENSOR_OP_RELU,fp32,kernel,"[[128,1024]]",0.012000,0.007077,1.6957
CUTENSOR_OP_RELU,fp32,kernel,"[[64,64,64]]",0.014596,0.009115,1.6013
CUTENSOR_OP_RELU,fp32,kernel,"[[128,128,64]]",0.035788,0.025327,1.4131
CUTENSOR_OP_RELU,fp16,kernel,[[1024]],0.007327,0.003442,2.1285
CUTENSOR_OP_RELU,fp16,kernel,[[2048]],0.006808,0.003731,1.8247
CUTENSOR_OP_RELU,fp16,kernel,[[4096]],0.007096,0.004154,1.7083
CUTENSOR_OP_RELU,fp16,kernel,[[8192]],0.007731,0.003788,2.0406
CUTENSOR_OP_RELU,fp16,kernel,[[16384]],0.008712,0.004404,1.9782
CUTENSOR_OP_RELU,fp16,kernel,[[32768]],0.010673,0.005500,1.9406
CUTENSOR_OP_RELU,fp16,kernel,[[65536]],0.010942,0.005731,1.9094
CUTENSOR_OP_RELU,fp16,kernel,[[131072]],0.011423,0.005923,1.9286
CUTENSOR_OP_RELU,fp16,kernel,[[262144]],0.012962,0.006885,1.8827
CUTENSOR_OP_RELU,fp16,kernel,[[524288]],0.016250,0.008865,1.8330
CUTENSOR_OP_RELU,fp16,kernel,[[1048576]],0.023865,0.014250,1.6748
CUTENSOR_OP_RELU,fp16,kernel,[[2097152]],0.038173,0.025423,1.5015
CUTENSOR_OP_RELU,fp16,kernel,[[4194304]],0.065212,0.046577,1.4001
CUTENSOR_OP_RELU,fp16,kernel,[[8388608]],0.143788,0.074077,1.9411
CUTENSOR_OP_RELU,fp16,kernel,"[[128,128]]",0.008808,0.004519,1.9489
CUTENSOR_OP_RELU,fp16,kernel,"[[32,64,16]]",0.010846,0.005558,1.9516
CUTENSOR_OP_RELU,fp16,kernel,"[[64,256]]",0.008769,0.004442,1.9740
CUTENSOR_OP_RELU,fp16,kernel,"[[16,64,64]]",0.011077,0.005808,1.9073
CUTENSOR_OP_RELU,fp16,kernel,"[[256,512]]",0.011538,0.005981,1.9293
CUTENSOR_OP_RELU,fp16,kernel,"[[128,1024]]",0.011462,0.006077,1.8861
CUTENSOR_OP_RELU,fp16,kernel,"[[64,64,64]]",0.012981,0.006827,1.9014
CUTENSOR_OP_RELU,fp16,kernel,"[[128,128,64]]",0.023750,0.014231,1.6689
CUTENSOR_OP_RELU,bf16,kernel,[[1024]],0.007288,0.003481,2.0939
CUTENSOR_OP_RELU,bf16,kernel,[[2048]],0.006827,0.003654,1.8684
CUTENSOR_OP_RELU,bf16,kernel,[[4096]],0.007115,0.004173,1.7051
CUTENSOR_OP_RELU,bf16,kernel,[[8192]],0.007692,0.003885,1.9802
CUTENSOR_OP_RELU,bf16,kernel,[[16384]],0.008692,0.004442,1.9567
CUTENSOR_OP_RELU,bf16,kernel,[[32768]],0.010750,0.005115,2.1015
CUTENSOR_OP_RELU,bf16,kernel,[[65536]],0.011019,0.005712,1.9293
CUTENSOR_OP_RELU,bf16,kernel,[[131072]],0.011404,0.006038,1.8885
CUTENSOR_OP_RELU,bf16,kernel,[[262144]],0.012885,0.006788,1.8980
CUTENSOR_OP_RELU,bf16,kernel,[[524288]],0.016288,0.008904,1.8294
CUTENSOR_OP_RELU,bf16,kernel,[[1048576]],0.023769,0.014250,1.6680
CUTENSOR_OP_RELU,bf16,kernel,[[2097152]],0.038212,0.025327,1.5087
CUTENSOR_OP_RELU,bf16,kernel,[[4194304]],0.064981,0.046500,1.3974
CUTENSOR_OP_RELU,bf16,kernel,[[8388608]],0.143635,0.073827,1.9456
CUTENSOR_OP_RELU,bf16,kernel,"[[128,128]]",0.008481,0.004385,1.9342
CUTENSOR_OP_RELU,bf16,kernel,"[[32,64,16]]",0.010596,0.005250,2.0183
CUTENSOR_OP_RELU,bf16,kernel,"[[64,256]]",0.008635,0.004288,2.0135
CUTENSOR_OP_RELU,bf16,kernel,"[[16,64,64]]",0.010865,0.005442,1.9965
CUTENSOR_OP_RELU,bf16,kernel,"[[256,512]]",0.011385,0.005865,1.9410
CUTENSOR_OP_RELU,bf16,kernel,"[[128,1024]]",0.011423,0.005827,1.9604
CUTENSOR_OP_RELU,bf16,kernel,"[[64,64,64]]",0.012923,0.006615,1.9535
CUTENSOR_OP_RELU,bf16,kernel,"[[128,128,64]]",0.023712,0.014173,1.6730
CUTENSOR_OP_SIGMOID,fp32,kernel,[[1024]],0.007542,0.004008,1.8820
CUTENSOR_OP_SIGMOID,fp32,kernel,[[2048]],0.007673,0.004200,1.8269
CUTENSOR_OP_SIGMOID,fp32,kernel,[[4096]],0.007942,0.004654,1.7066
CUTENSOR_OP_SIGMOID,fp32,kernel,[[8192]],0.008481,0.004365,1.9427
CUTENSOR_OP_SIGMOID,fp32,kernel,[[16384]],0.009577,0.004865,1.9684
CUTENSOR_OP_SIGMOID,fp32,kernel,[[32768]],0.011519,0.006058,1.9016
CUTENSOR_OP_SIGMOID,fp32,kernel,[[65536]],0.011788,0.006250,1.8862
CUTENSOR_OP_SIGMOID,fp32,kernel,[[131072]],0.012654,0.006962,1.8177
CUTENSOR_OP_SIGMOID,fp32,kernel,[[262144]],0.015250,0.009365,1.6283
CUTENSOR_OP_SIGMOID,fp32,kernel,[[524288]],0.022212,0.014731,1.5078
CUTENSOR_OP_SIGMOID,fp32,kernel,[[1048576]],0.036346,0.025500,1.4253
CUTENSOR_OP_SIGMOID,fp32,kernel,[[2097152]],0.060346,0.046846,1.2882
CUTENSOR_OP_SIGMOID,fp32,kernel,[[4194304]],0.137308,0.073135,1.8775
CUTENSOR_OP_SIGMOID,fp32,kernel,[[8388608]],0.252019,0.131808,1.9120
CUTENSOR_OP_SIGMOID,fp32,kernel,"[[128,128]]",0.009577,0.004962,1.9302
CUTENSOR_OP_SIGMOID,fp32,kernel,"[[32,64,16]]",0.011577,0.006115,1.8931
CUTENSOR_OP_SIGMOID,fp32,kernel,"[[64,256]]",0.009558,0.004962,1.9264
CUTENSOR_OP_SIGMOID,fp32,kernel,"[[16,64,64]]",0.011808,0.006462,1.8274
CUTENSOR_OP_SIGMOID,fp32,kernel,"[[256,512]]",0.012385,0.007212,1.7173
CUTENSOR_OP_SIGMOID,fp32,kernel,"[[128,1024]]",0.012654,0.007269,1.7407
CUTENSOR_OP_SIGMOID,fp32,kernel,"[[64,64,64]]",0.015173,0.009385,1.6168
CUTENSOR_OP_SIGMOID,fp32,kernel,"[[128,128,64]]",0.036346,0.025308,1.4362
CUTENSOR_OP_SIGMOID,fp16,kernel,[[1024]],0.007865,0.003750,2.0974
CUTENSOR_OP_SIGMOID,fp16,kernel,[[2048]],0.007038,0.004077,1.7264
CUTENSOR_OP_SIGMOID,fp16,kernel,[[4096]],0.007288,0.004635,1.5726
CUTENSOR_OP_SIGMOID,fp16,kernel,[[8192]],0.007865,0.004250,1.8507
CUTENSOR_OP_SIGMOID,fp16,kernel,[[16384]],0.008923,0.004769,1.8710
CUTENSOR_OP_SIGMOID,fp16,kernel,[[32768]],0.010885,0.005827,1.8680
CUTENSOR_OP_SIGMOID,fp16,kernel,[[65536]],0.011231,0.005808,1.9338
CUTENSOR_OP_SIGMOID,fp16,kernel,[[131072]],0.011692,0.006231,1.8765
CUTENSOR_OP_SIGMOID,fp16,kernel,[[262144]],0.013327,0.007288,1.8285
CUTENSOR_OP_SIGMOID,fp16,kernel,[[524288]],0.016385,0.009423,1.7388
CUTENSOR_OP_SIGMOID,fp16,kernel,[[1048576]],0.024135,0.014558,1.6579
CUTENSOR_OP_SIGMOID,fp16,kernel,[[2097152]],0.038750,0.025712,1.5071
CUTENSOR_OP_SIGMOID,fp16,kernel,[[4194304]],0.065692,0.047077,1.3954
CUTENSOR_OP_SIGMOID,fp16,kernel,[[8388608]],0.144558,0.075385,1.9176
CUTENSOR_OP_SIGMOID,fp16,kernel,"[[128,128]]",0.008981,0.004865,1.8458
CUTENSOR_OP_SIGMOID,fp16,kernel,"[[32,64,16]]",0.010981,0.005904,1.8599
CUTENSOR_OP_SIGMOID,fp16,kernel,"[[64,256]]",0.008942,0.004865,1.8379
CUTENSOR_OP_SIGMOID,fp16,kernel,"[[16,64,64]]",0.011250,0.006038,1.8631
CUTENSOR_OP_SIGMOID,fp16,kernel,"[[256,512]]",0.011673,0.006385,1.8283
CUTENSOR_OP_SIGMOID,fp16,kernel,"[[128,1024]]",0.011558,0.006442,1.7940
CUTENSOR_OP_SIGMOID,fp16,kernel,"[[64,64,64]]",0.013250,0.006942,1.9086
CUTENSOR_OP_SIGMOID,fp16,kernel,"[[128,128,64]]",0.024000,0.014462,1.6596
CUTENSOR_OP_SIGMOID,bf16,kernel,[[1024]],0.007865,0.003788,2.0761
CUTENSOR_OP_SIGMOID,bf16,kernel,[[2048]],0.007019,0.004038,1.7381
CUTENSOR_OP_SIGMOID,bf16,kernel,[[4096]],0.007231,0.004423,1.6348
CUTENSOR_OP_SIGMOID,bf16,kernel,[[8192]],0.007885,0.004269,1.8468
CUTENSOR_OP_SIGMOID,bf16,kernel,[[16384]],0.008962,0.004750,1.8866
CUTENSOR_OP_SIGMOID,bf16,kernel,[[32768]],0.010904,0.005750,1.8963
CUTENSOR_OP_SIGMOID,bf16,kernel,[[65536]],0.011288,0.005827,1.9373
CUTENSOR_OP_SIGMOID,bf16,kernel,[[131072]],0.011635,0.006327,1.8389
CUTENSOR_OP_SIGMOID,bf16,kernel,[[262144]],0.013231,0.007192,1.8396
CUTENSOR_OP_SIGMOID,bf16,kernel,[[524288]],0.016558,0.009269,1.7863
CUTENSOR_OP_SIGMOID,bf16,kernel,[[1048576]],0.023923,0.014288,1.6743
CUTENSOR_OP_SIGMOID,bf16,kernel,[[2097152]],0.038538,0.025462,1.5136
CUTENSOR_OP_SIGMOID,bf16,kernel,[[4194304]],0.065712,0.046788,1.4044
CUTENSOR_OP_SIGMOID,bf16,kernel,[[8388608]],0.144558,0.075192,1.9225
CUTENSOR_OP_SIGMOID,bf16,kernel,"[[128,128]]",0.008904,0.004750,1.8745
CUTENSOR_OP_SIGMOID,bf16,kernel,"[[32,64,16]]",0.010865,0.005519,1.9686
CUTENSOR_OP_SIGMOID,bf16,kernel,"[[64,256]]",0.008788,0.004769,1.8427
CUTENSOR_OP_SIGMOID,bf16,kernel,"[[16,64,64]]",0.011231,0.005808,1.9338
CUTENSOR_OP_SIGMOID,bf16,kernel,"[[256,512]]",0.011635,0.006192,1.8789
CUTENSOR_OP_SIGMOID,bf16,kernel,"[[128,1024]]",0.011654,0.006231,1.8704
CUTENSOR_OP_SIGMOID,bf16,kernel,"[[64,64,64]]",0.013288,0.007058,1.8828
CUTENSOR_OP_SIGMOID,bf16,kernel,"[[128,128,64]]",0.023981,0.014423,1.6627
CUTENSOR_OP_SIN,fp16,kernel,[[1024]],0.008288,0.004154,1.9954
CUTENSOR_OP_SIN,fp16,kernel,[[2048]],0.007500,0.004192,1.7890
CUTENSOR_OP_SIN,fp16,kernel,[[4096]],0.007904,0.004558,1.7342
CUTENSOR_OP_SIN,fp16,kernel,[[8192]],0.008365,0.004558,1.8354
CUTENSOR_OP_SIN,fp16,kernel,[[16384]],0.009462,0.005096,1.8566
CUTENSOR_OP_SIN,fp16,kernel,[[32768]],0.008654,0.006115,1.4151
CUTENSOR_OP_SIN,fp16,kernel,[[65536]],0.009250,0.004635,1.9959
CUTENSOR_OP_SIN,fp16,kernel,[[131072]],0.009558,0.005327,1.7942
CUTENSOR_OP_SIN,fp16,kernel,[[262144]],0.011038,0.006673,1.6542
CUTENSOR_OP_SIN,fp16,kernel,[[524288]],0.014135,0.008731,1.6189
CUTENSOR_OP_SIN,fp16,kernel,[[1048576]],0.021788,0.013846,1.5736
CUTENSOR_OP_SIN,fp16,kernel,[[2097152]],0.036846,0.025135,1.4660
CUTENSOR_OP_SIN,fp16,kernel,[[4194304]],0.063808,0.046596,1.3694
CUTENSOR_OP_SIN,fp16,kernel,[[8388608]],0.142673,0.075058,1.9008
CUTENSOR_OP_SIN,fp16,kernel,"[[128,128]]",0.008115,0.004500,1.8034
CUTENSOR_OP_SIN,fp16,kernel,"[[32,64,16]]",0.008365,0.004750,1.7611
CUTENSOR_OP_SIN,fp16,kernel,"[[64,256]]",0.008096,0.004346,1.8628
CUTENSOR_OP_SIN,fp16,kernel,"[[16,64,64]]",0.009135,0.004769,1.9153
CUTENSOR_OP_SIN,fp16,kernel,"[[256,512]]",0.009462,0.005212,1.8155
CUTENSOR_OP_SIN,fp16,kernel,"[[128,1024]]",0.009327,0.005192,1.7963
CUTENSOR_OP_SIN,fp16,kernel,"[[64,64,64]]",0.011154,0.006558,1.7009
CUTENSOR_OP_SIN,fp16,kernel,"[[128,128,64]]",0.021846,0.013904,1.5712
CUTENSOR_OP_SIN,bf16,kernel,[[1024]],0.007923,0.003942,2.0098
CUTENSOR_OP_SIN,bf16,kernel,[[2048]],0.007519,0.004115,1.8271
CUTENSOR_OP_SIN,bf16,kernel,[[4096]],0.008423,0.004635,1.8174
CUTENSOR_OP_SIN,bf16,kernel,[[8192]],0.008365,0.004288,1.9507
CUTENSOR_OP_SIN,bf16,kernel,[[16384]],0.009635,0.004942,1.9494
CUTENSOR_OP_SIN,bf16,kernel,[[32768]],0.012192,0.006173,1.9751
CUTENSOR_OP_SIN,bf16,kernel,[[65536]],0.012250,0.006404,1.9129
CUTENSOR_OP_SIN,bf16,kernel,[[131072]],0.012654,0.006846,1.8483
CUTENSOR_OP_SIN,bf16,kernel,[[262144]],0.014077,0.007712,1.8254
CUTENSOR_OP_SIN,bf16,kernel,[[524288]],0.017231,0.010154,1.6970
CUTENSOR_OP_SIN,bf16,kernel,[[1048576]],0.024519,0.015058,1.6284
CUTENSOR_OP_SIN,bf16,kernel,[[2097152]],0.039423,0.026115,1.5096
CUTENSOR_OP_SIN,bf16,kernel,[[4194304]],0.066404,0.047500,1.3980
CUTENSOR_OP_SIN,bf16,kernel,[[8388608]],0.145019,0.076038,1.9072
CUTENSOR_OP_SIN,bf16,kernel,"[[128,128]]",0.009654,0.005058,1.9087
CUTENSOR_OP_SIN,bf16,kernel,"[[32,64,16]]",0.011808,0.005865,2.0131
CUTENSOR_OP_SIN,bf16,kernel,"[[64,256]]",0.009654,0.004962,1.9457
CUTENSOR_OP_SIN,bf16,kernel,"[[16,64,64]]",0.012192,0.006115,1.9937
CUTENSOR_OP_SIN,bf16,kernel,"[[256,512]]",0.012692,0.006596,1.9242
CUTENSOR_OP_SIN,bf16,kernel,"[[128,1024]]",0.012654,0.006481,1.9525
CUTENSOR_OP_SIN,bf16,kernel,"[[64,64,64]]",0.014135,0.007365,1.9191
CUTENSOR_OP_SIN,bf16,kernel,"[[128,128,64]]",0.024654,0.014942,1.6499
CUTENSOR_OP_SIN,fp32,kernel,[[1024]],0.007385,0.003865,1.9104
CUTENSOR_OP_SIN,fp32,kernel,[[2048]],0.007904,0.004135,1.9116
CUTENSOR_OP_SIN,fp32,kernel,[[4096]],0.008212,0.004577,1.7941
CUTENSOR_OP_SIN,fp32,kernel,[[8192]],0.008731,0.004654,1.8760
CUTENSOR_OP_SIN,fp32,kernel,[[16384]],0.009827,0.005212,1.8856
CUTENSOR_OP_SIN,fp32,kernel,[[32768]],0.011788,0.006173,1.9097
CUTENSOR_OP_SIN,fp32,kernel,[[65536]],0.012077,0.006365,1.8973
CUTENSOR_OP_SIN,fp32,kernel,[[131072]],0.012846,0.007269,1.7672
CUTENSOR_OP_SIN,fp32,kernel,[[262144]],0.015731,0.009577,1.6426
CUTENSOR_OP_SIN,fp32,kernel,[[524288]],0.022365,0.014788,1.5124
CUTENSOR_OP_SIN,fp32,kernel,[[1048576]],0.036615,0.025692,1.4251
CUTENSOR_OP_SIN,fp32,kernel,[[2097152]],0.060808,0.047077,1.2917
CUTENSOR_OP_SIN,fp32,kernel,[[4194304]],0.138000,0.075635,1.8246
CUTENSOR_OP_SIN,fp32,kernel,[[8388608]],0.252942,0.133250,1.8983
CUTENSOR_OP_SIN,fp32,kernel,"[[128,128]]",0.009923,0.005346,1.8561
CUTENSOR_OP_SIN,fp32,kernel,"[[32,64,16]]",0.012077,0.006558,1.8416
CUTENSOR_OP_SIN,fp32,kernel,"[[64,256]]",0.009923,0.005327,1.8628
CUTENSOR_OP_SIN,fp32,kernel,"[[16,64,64]]",0.012308,0.006769,1.8182
CUTENSOR_OP_SIN,fp32,kernel,"[[256,512]]",0.012827,0.007596,1.6886
CUTENSOR_OP_SIN,fp32,kernel,"[[128,1024]]",0.013192,0.007615,1.7323
CUTENSOR_OP_SIN,fp32,kernel,"[[64,64,64]]",0.015712,0.009654,1.6275
CUTENSOR_OP_SIN,fp32,kernel,"[[128,128,64]]",0.036692,0.025635,1.4314
CUTENSOR_OP_SINH,fp32,kernel,[[1024]],0.007138,0.003538,2.0174
CUTENSOR_OP_SINH,fp32,kernel,[[2048]],0.007481,0.003538,2.1141
CUTENSOR_OP_SINH,fp32,kernel,[[4096]],0.007635,0.003596,2.1230
CUTENSOR_OP_SINH,fp32,kernel,[[8192]],0.007846,0.003846,2.0400
CUTENSOR_OP_SINH,fp32,kernel,[[16384]],0.008346,0.004058,2.0569
CUTENSOR_OP_SINH,fp32,kernel,[[32768]],0.009058,0.004327,2.0933
CUTENSOR_OP_SINH,fp32,kernel,[[65536]],0.009231,0.004712,1.9592
CUTENSOR_OP_SINH,fp32,kernel,[[131072]],0.010327,0.005769,1.7900
CUTENSOR_OP_SINH,fp32,kernel,[[262144]],0.012923,0.008096,1.5962
CUTENSOR_OP_SINH,fp32,kernel,[[524288]],0.020115,0.013635,1.4753
CUTENSOR_OP_SINH,fp32,kernel,[[1048576]],0.034385,0.024346,1.4123
CUTENSOR_OP_SINH,fp32,kernel,[[2097152]],0.058288,0.046038,1.2661
CUTENSOR_OP_SINH,fp32,kernel,[[4194304]],0.135538,0.072981,1.8572
CUTENSOR_OP_SINH,fp32,kernel,[[8388608]],0.250365,0.131038,1.9106
CUTENSOR_OP_SINH,fp32,kernel,"[[128,128]]",0.008327,0.004077,2.0425
CUTENSOR_OP_SINH,fp32,kernel,"[[32,64,16]]",0.009038,0.004173,2.1659
CUTENSOR_OP_SINH,fp32,kernel,"[[64,256]]",0.008308,0.004038,2.0571
CUTENSOR_OP_SINH,fp32,kernel,"[[16,64,64]]",0.009308,0.004692,1.9836
CUTENSOR_OP_SINH,fp32,kernel,"[[256,512]]",0.009923,0.005712,1.7374
CUTENSOR_OP_SINH,fp32,kernel,"[[128,1024]]",0.009808,0.005673,1.7288
CUTENSOR_OP_SINH,fp32,kernel,"[[64,64,64]]",0.012904,0.008173,1.5788
CUTENSOR_OP_SINH,fp32,kernel,"[[128,128,64]]",0.034269,0.024365,1.4065
CUTENSOR_OP_SINH,fp16,kernel,[[1024]],0.007404,0.003346,2.2126
CUTENSOR_OP_SINH,fp16,kernel,[[2048]],0.007192,0.003442,2.0894
CUTENSOR_OP_SINH,fp16,kernel,[[4096]],0.007250,0.003654,1.9842
CUTENSOR_OP_SINH,fp16,kernel,[[8192]],0.007558,0.003692,2.0469
CUTENSOR_OP_SINH,fp16,kernel,[[16384]],0.008038,0.004000,2.0096
CUTENSOR_OP_SINH,fp16,kernel,[[32768]],0.008712,0.004096,2.1268
CUTENSOR_OP_SINH,fp16,kernel,[[65536]],0.009288,0.004481,2.0730
CUTENSOR_OP_SINH,fp16,kernel,[[131072]],0.009577,0.005269,1.8175
CUTENSOR_OP_SINH,fp16,kernel,[[262144]],0.011538,0.006288,1.8349
CUTENSOR_OP_SINH,fp16,kernel,[[524288]],0.014462,0.008500,1.7014
CUTENSOR_OP_SINH,fp16,kernel,[[1048576]],0.022154,0.013750,1.6112
CUTENSOR_OP_SINH,fp16,kernel,[[2097152]],0.036423,0.024577,1.4820
CUTENSOR_OP_SINH,fp16,kernel,[[4194304]],0.063288,0.045538,1.3898
CUTENSOR_OP_SINH,fp16,kernel,[[8388608]],0.142327,0.073615,1.9334
CUTENSOR_OP_SINH,fp16,kernel,"[[128,128]]",0.008115,0.004000,2.0288
CUTENSOR_OP_SINH,fp16,kernel,"[[32,64,16]]",0.008827,0.004750,1.8583
CUTENSOR_OP_SINH,fp16,kernel,"[[64,256]]",0.008038,0.004173,1.9263
CUTENSOR_OP_SINH,fp16,kernel,"[[16,64,64]]",0.008981,0.004788,1.8755
CUTENSOR_OP_SINH,fp16,kernel,"[[256,512]]",0.009904,0.005346,1.8525
CUTENSOR_OP_SINH,fp16,kernel,"[[128,1024]]",0.009788,0.005308,1.8442
CUTENSOR_OP_SINH,fp16,kernel,"[[64,64,64]]",0.011442,0.006212,1.8421
CUTENSOR_OP_SINH,fp16,kernel,"[[128,128,64]]",0.022231,0.013769,1.6145
CUTENSOR_OP_SINH,bf16,kernel,[[1024]],0.007442,0.003442,2.1620
CUTENSOR_OP_SINH,bf16,kernel,[[2048]],0.007250,0.003615,2.0053
CUTENSOR_OP_SINH,bf16,kernel,[[4096]],0.007346,0.003904,1.8818
CUTENSOR_OP_SINH,bf16,kernel,[[8192]],0.007577,0.003577,2.1183
CUTENSOR_OP_SINH,bf16,kernel,[[16384]],0.007962,0.003712,2.1451
CUTENSOR_OP_SINH,bf16,kernel,[[32768]],0.008346,0.003865,2.1592
CUTENSOR_OP_SINH,bf16,kernel,[[65536]],0.009019,0.004212,2.1416
CUTENSOR_OP_SINH,bf16,kernel,[[131072]],0.009442,0.004769,1.9798
CUTENSOR_OP_SINH,bf16,kernel,[[262144]],0.011038,0.005712,1.9327
CUTENSOR_OP_SINH,bf16,kernel,[[524288]],0.013942,0.008154,1.7099
CUTENSOR_OP_SINH,bf16,kernel,[[1048576]],0.021500,0.013231,1.6250
CUTENSOR_OP_SINH,bf16,kernel,[[2097152]],0.036615,0.024365,1.5028
CUTENSOR_OP_SINH,bf16,kernel,[[4194304]],0.063385,0.045615,1.3895
CUTENSOR_OP_SINH,bf16,kernel,[[8388608]],0.142442,0.073635,1.9344
CUTENSOR_OP_SINH,bf16,kernel,"[[128,128]]",0.007808,0.003731,2.0928
CUTENSOR_OP_SINH,bf16,kernel,"[[32,64,16]]",0.008442,0.004000,2.1106
CUTENSOR_OP_SINH,bf16,kernel,"[[64,256]]",0.007942,0.003731,2.1289
CUTENSOR_OP_SINH,bf16,kernel,"[[16,64,64]]",0.008865,0.004077,2.1745
CUTENSOR_OP_SINH,bf16,kernel,"[[256,512]]",0.008885,0.004692,1.8934
CUTENSOR_OP_SINH,bf16,kernel,"[[128,1024]]",0.008904,0.004673,1.9053
CUTENSOR_OP_SINH,bf16,kernel,"[[64,64,64]]",0.011019,0.005635,1.9556
CUTENSOR_OP_SINH,bf16,kernel,"[[128,128,64]]",0.021423,0.013212,1.6215
CUTENSOR_OP_SOFT_PLUS,fp16,kernel,[[1024]],0.008400,0.003854,2.1796
CUTENSOR_OP_SOFT_PLUS,fp16,kernel,[[2048]],0.008231,0.004019,2.0478
CUTENSOR_OP_SOFT_PLUS,fp16,kernel,[[4096]],0.008500,0.004596,1.8494
CUTENSOR_OP_SOFT_PLUS,fp16,kernel,[[8192]],0.009096,0.004673,1.9465
CUTENSOR_OP_SOFT_PLUS,fp16,kernel,[[16384]],0.010192,0.005173,1.9703
CUTENSOR_OP_SOFT_PLUS,fp16,kernel,[[32768]],0.012077,0.006115,1.9748
CUTENSOR_OP_SOFT_PLUS,fp16,kernel,[[65536]],0.012519,0.006481,1.9318
CUTENSOR_OP_SOFT_PLUS,fp16,kernel,[[131072]],0.012923,0.006942,1.8615
CUTENSOR_OP_SOFT_PLUS,fp16,kernel,[[262144]],0.014269,0.007962,1.7923
CUTENSOR_OP_SOFT_PLUS,fp16,kernel,[[524288]],0.017846,0.010846,1.6454
CUTENSOR_OP_SOFT_PLUS,fp16,kernel,[[1048576]],0.025923,0.016308,1.5896
CUTENSOR_OP_SOFT_PLUS,fp16,kernel,[[2097152]],0.039962,0.029000,1.3780
CUTENSOR_OP_SOFT_PLUS,fp16,kernel,[[4194304]],0.067269,0.050231,1.3392
CUTENSOR_OP_SOFT_PLUS,fp16,kernel,[[8388608]],0.150269,0.081173,1.8512
CUTENSOR_OP_SOFT_PLUS,fp16,kernel,"[[128,128]]",0.010038,0.005231,1.9191
CUTENSOR_OP_SOFT_PLUS,fp16,kernel,"[[32,64,16]]",0.011942,0.006096,1.9590
CUTENSOR_OP_SOFT_PLUS,fp16,kernel,"[[64,256]]",0.010038,0.005096,1.9698
CUTENSOR_OP_SOFT_PLUS,fp16,kernel,"[[16,64,64]]",0.012308,0.006308,1.9512
CUTENSOR_OP_SOFT_PLUS,fp16,kernel,"[[256,512]]",0.012654,0.006788,1.8640
CUTENSOR_OP_SOFT_PLUS,fp16,kernel,"[[128,1024]]",0.012904,0.006865,1.8796
CUTENSOR_OP_SOFT_PLUS,fp16,kernel,"[[64,64,64]]",0.014365,0.007981,1.8000
CUTENSOR_OP_SOFT_PLUS,fp16,kernel,"[[128,128,64]]",0.025865,0.016346,1.5824
CUTENSOR_OP_SOFT_PLUS,bf16,kernel,[[1024]],0.008038,0.003692,2.1771
CUTENSOR_OP_SOFT_PLUS,bf16,kernel,[[2048]],0.008058,0.003962,2.0340
CUTENSOR_OP_SOFT_PLUS,bf16,kernel,[[4096]],0.008115,0.003596,2.2567
CUTENSOR_OP_SOFT_PLUS,bf16,kernel,[[8192]],0.008269,0.004192,1.9725
CUTENSOR_OP_SOFT_PLUS,bf16,kernel,[[16384]],0.008481,0.004288,1.9776
CUTENSOR_OP_SOFT_PLUS,bf16,kernel,[[32768]],0.008769,0.004500,1.9487
CUTENSOR_OP_SOFT_PLUS,bf16,kernel,[[65536]],0.009096,0.004692,1.9385
CUTENSOR_OP_SOFT_PLUS,bf16,kernel,[[131072]],0.009538,0.005135,1.8577
CUTENSOR_OP_SOFT_PLUS,bf16,kernel,[[262144]],0.011442,0.006654,1.7197
CUTENSOR_OP_SOFT_PLUS,bf16,kernel,[[524288]],0.014846,0.009481,1.5659
CUTENSOR_OP_SOFT_PLUS,bf16,kernel,[[1048576]],0.022962,0.015481,1.4832
CUTENSOR_OP_SOFT_PLUS,bf16,kernel,[[2097152]],0.040173,0.029077,1.3816
CUTENSOR_OP_SOFT_PLUS,bf16,kernel,[[4194304]],0.067288,0.050462,1.3335
CUTENSOR_OP_SOFT_PLUS,bf16,kernel,[[8388608]],0.150827,0.081346,1.8541
CUTENSOR_OP_SOFT_PLUS,bf16,kernel,"[[128,128]]",0.010269,0.005308,1.9348
CUTENSOR_OP_SOFT_PLUS,bf16,kernel,"[[32,64,16]]",0.012346,0.006346,1.9455
CUTENSOR_OP_SOFT_PLUS,bf16,kernel,"[[64,256]]",0.010173,0.005250,1.9377
CUTENSOR_OP_SOFT_PLUS,bf16,kernel,"[[16,64,64]]",0.012538,0.006538,1.9176
CUTENSOR_OP_SOFT_PLUS,bf16,kernel,"[[256,512]]",0.012962,0.006885,1.8827
CUTENSOR_OP_SOFT_PLUS,bf16,kernel,"[[128,1024]]",0.012923,0.006942,1.8615
CUTENSOR_OP_SOFT_PLUS,bf16,kernel,"[[64,64,64]]",0.014404,0.007731,1.8632
CUTENSOR_OP_SOFT_PLUS,bf16,kernel,"[[128,128,64]]",0.025808,0.016308,1.5825
CUTENSOR_OP_SOFT_PLUS,fp32,kernel,[[1024]],0.007365,0.003635,2.0265
CUTENSOR_OP_SOFT_PLUS,fp32,kernel,[[2048]],0.008462,0.003846,2.2000
CUTENSOR_OP_SOFT_PLUS,fp32,kernel,[[4096]],0.008731,0.004250,2.0543
CUTENSOR_OP_SOFT_PLUS,fp32,kernel,[[8192]],0.009288,0.004327,2.1467
CUTENSOR_OP_SOFT_PLUS,fp32,kernel,[[16384]],0.010346,0.004923,2.1016
CUTENSOR_OP_SOFT_PLUS,fp32,kernel,[[32768]],0.012096,0.006058,1.9968
CUTENSOR_OP_SOFT_PLUS,fp32,kernel,[[65536]],0.012346,0.006038,2.0446
CUTENSOR_OP_SOFT_PLUS,fp32,kernel,[[131072]],0.013077,0.007000,1.8681
CUTENSOR_OP_SOFT_PLUS,fp32,kernel,[[262144]],0.015577,0.009192,1.6946
CUTENSOR_OP_SOFT_PLUS,fp32,kernel,[[524288]],0.022385,0.014500,1.5438
CUTENSOR_OP_SOFT_PLUS,fp32,kernel,[[1048576]],0.036481,0.025115,1.4525
CUTENSOR_OP_SOFT_PLUS,fp32,kernel,[[2097152]],0.060846,0.047000,1.2946
CUTENSOR_OP_SOFT_PLUS,fp32,kernel,[[4194304]],0.138481,0.075962,1.8230
CUTENSOR_OP_SOFT_PLUS,fp32,kernel,[[8388608]],0.253173,0.133442,1.8972
CUTENSOR_OP_SOFT_PLUS,fp32,kernel,"[[128,128]]",0.010154,0.004808,2.1120
CUTENSOR_OP_SOFT_PLUS,fp32,kernel,"[[32,64,16]]",0.012077,0.005731,2.1074
CUTENSOR_OP_SOFT_PLUS,fp32,kernel,"[[64,256]]",0.010231,0.004788,2.1365
CUTENSOR_OP_SOFT_PLUS,fp32,kernel,"[[16,64,64]]",0.012231,0.005981,2.0450
CUTENSOR_OP_SOFT_PLUS,fp32,kernel,"[[256,512]]",0.012596,0.007019,1.7945
CUTENSOR_OP_SOFT_PLUS,fp32,kernel,"[[128,1024]]",0.012904,0.007000,1.8434
CUTENSOR_OP_SOFT_PLUS,fp32,kernel,"[[64,64,64]]",0.015481,0.009173,1.6876
CUTENSOR_OP_SOFT_PLUS,fp32,kernel,"[[128,128,64]]",0.036365,0.025038,1.4524
CUTENSOR_OP_SOFT_SIGN,bf16,kernel,[[1024]],0.014058,0.003985,3.5280
CUTENSOR_OP_SOFT_SIGN,bf16,kernel,[[2048]],0.012308,0.004115,2.9907
CUTENSOR_OP_SOFT_SIGN,bf16,kernel,[[4096]],0.012827,0.004577,2.8025
CUTENSOR_OP_SOFT_SIGN,bf16,kernel,[[8192]],0.014000,0.004288,3.2646
CUTENSOR_OP_SOFT_SIGN,bf16,kernel,[[16384]],0.015731,0.004712,3.3388
CUTENSOR_OP_SOFT_SIGN,bf16,kernel,[[32768]],0.019346,0.005731,3.3758
CUTENSOR_OP_SOFT_SIGN,bf16,kernel,[[65536]],0.020000,0.006000,3.3333
CUTENSOR_OP_SOFT_SIGN,bf16,kernel,[[131072]],0.020596,0.006442,3.1970
CUTENSOR_OP_SOFT_SIGN,bf16,kernel,[[262144]],0.023212,0.007250,3.2016
CUTENSOR_OP_SOFT_SIGN,bf16,kernel,[[524288]],0.028154,0.009212,3.0564
CUTENSOR_OP_SOFT_SIGN,bf16,kernel,[[1048576]],0.040019,0.014404,2.7784
CUTENSOR_OP_SOFT_SIGN,bf16,kernel,[[2097152]],0.059442,0.025385,2.3417
CUTENSOR_OP_SOFT_SIGN,bf16,kernel,[[4194304]],0.149615,0.046942,3.1872
CUTENSOR_OP_SOFT_SIGN,bf16,kernel,[[8388608]],0.302635,0.075365,4.0156
CUTENSOR_OP_SOFT_SIGN,bf16,kernel,"[[128,128]]",0.015923,0.004846,3.2857
CUTENSOR_OP_SOFT_SIGN,bf16,kernel,"[[32,64,16]]",0.019327,0.005788,3.3389
CUTENSOR_OP_SOFT_SIGN,bf16,kernel,"[[64,256]]",0.015788,0.004808,3.2840
CUTENSOR_OP_SOFT_SIGN,bf16,kernel,"[[16,64,64]]",0.019981,0.006058,3.2984
CUTENSOR_OP_SOFT_SIGN,bf16,kernel,"[[256,512]]",0.020519,0.006481,3.1662
CUTENSOR_OP_SOFT_SIGN,bf16,kernel,"[[128,1024]]",0.021250,0.006577,3.2310
CUTENSOR_OP_SOFT_SIGN,bf16,kernel,"[[64,64,64]]",0.023596,0.007308,3.2289
CUTENSOR_OP_SOFT_SIGN,bf16,kernel,"[[128,128,64]]",0.039827,0.014500,2.7467
CUTENSOR_OP_SOFT_SIGN,fp32,kernel,[[1024]],0.012788,0.003769,3.3929
CUTENSOR_OP_SOFT_SIGN,fp32,kernel,[[2048]],0.013250,0.004096,3.2347
CUTENSOR_OP_SOFT_SIGN,fp32,kernel,[[4096]],0.013788,0.004615,2.9875
CUTENSOR_OP_SOFT_SIGN,fp32,kernel,[[8192]],0.013192,0.004442,2.9697
CUTENSOR_OP_SOFT_SIGN,fp32,kernel,[[16384]],0.013500,0.004077,3.3113
CUTENSOR_OP_SOFT_SIGN,fp32,kernel,[[32768]],0.014019,0.004385,3.1974
CUTENSOR_OP_SOFT_SIGN,fp32,kernel,[[65536]],0.014577,0.004846,3.0079
CUTENSOR_OP_SOFT_SIGN,fp32,kernel,[[131072]],0.016923,0.005827,2.9043
CUTENSOR_OP_SOFT_SIGN,fp32,kernel,[[262144]],0.021846,0.008308,2.6296
CUTENSOR_OP_SOFT_SIGN,fp32,kernel,[[524288]],0.032942,0.013635,2.4161
CUTENSOR_OP_SOFT_SIGN,fp32,kernel,[[1048576]],0.057231,0.025538,2.2410
CUTENSOR_OP_SOFT_SIGN,fp32,kernel,[[2097152]],0.133558,0.046904,2.8475
CUTENSOR_OP_SOFT_SIGN,fp32,kernel,[[4194304]],0.286923,0.073135,3.9232
CUTENSOR_OP_SOFT_SIGN,fp32,kernel,[[8388608]],0.544423,0.131885,4.1280
CUTENSOR_OP_SOFT_SIGN,fp32,kernel,"[[128,128]]",0.016692,0.004865,3.4308
CUTENSOR_OP_SOFT_SIGN,fp32,kernel,"[[32,64,16]]",0.020269,0.005962,3.4000
CUTENSOR_OP_SOFT_SIGN,fp32,kernel,"[[64,256]]",0.016500,0.004788,3.4458
CUTENSOR_OP_SOFT_SIGN,fp32,kernel,"[[16,64,64]]",0.020846,0.006096,3.4196
CUTENSOR_OP_SOFT_SIGN,fp32,kernel,"[[256,512]]",0.022058,0.006962,3.1685
CUTENSOR_OP_SOFT_SIGN,fp32,kernel,"[[128,1024]]",0.022327,0.007135,3.1294
CUTENSOR_OP_SOFT_SIGN,fp32,kernel,"[[64,64,64]]",0.026192,0.009269,2.8257
CUTENSOR_OP_SOFT_SIGN,fp32,kernel,"[[128,128,64]]",0.057154,0.025385,2.2515
CUTENSOR_OP_SOFT_SIGN,fp16,kernel,[[1024]],0.013923,0.003769,3.6939
CUTENSOR_OP_SOFT_SIGN,fp16,kernel,[[2048]],0.012288,0.003962,3.1019
CUTENSOR_OP_SOFT_SIGN,fp16,kernel,[[4096]],0.012788,0.004538,2.8178
CUTENSOR_OP_SOFT_SIGN,fp16,kernel,[[8192]],0.013788,0.004212,3.2740
CUTENSOR_OP_SOFT_SIGN,fp16,kernel,[[16384]],0.015692,0.004654,3.3719
CUTENSOR_OP_SOFT_SIGN,fp16,kernel,[[32768]],0.019635,0.005558,3.5329
CUTENSOR_OP_SOFT_SIGN,fp16,kernel,[[65536]],0.019769,0.006115,3.2327
CUTENSOR_OP_SOFT_SIGN,fp16,kernel,[[131072]],0.020404,0.006192,3.2950
CUTENSOR_OP_SOFT_SIGN,fp16,kernel,[[262144]],0.023308,0.007346,3.1728
CUTENSOR_OP_SOFT_SIGN,fp16,kernel,[[524288]],0.027981,0.009365,2.9877
CUTENSOR_OP_SOFT_SIGN,fp16,kernel,[[1048576]],0.039519,0.014327,2.7584
CUTENSOR_OP_SOFT_SIGN,fp16,kernel,[[2097152]],0.059731,0.025346,2.3566
CUTENSOR_OP_SOFT_SIGN,fp16,kernel,[[4194304]],0.148635,0.046923,3.1676
CUTENSOR_OP_SOFT_SIGN,fp16,kernel,[[8388608]],0.302192,0.075173,4.0200
CUTENSOR_OP_SOFT_SIGN,fp16,kernel,"[[128,128]]",0.015731,0.004788,3.2851
CUTENSOR_OP_SOFT_SIGN,fp16,kernel,"[[32,64,16]]",0.019346,0.005442,3.5548
CUTENSOR_OP_SOFT_SIGN,fp16,kernel,"[[64,256]]",0.015769,0.004692,3.3607
CUTENSOR_OP_SOFT_SIGN,fp16,kernel,"[[16,64,64]]",0.019885,0.006077,3.2722
CUTENSOR_OP_SOFT_SIGN,fp16,kernel,"[[256,512]]",0.020615,0.006115,3.3711
CUTENSOR_OP_SOFT_SIGN,fp16,kernel,"[[128,1024]]",0.020519,0.006212,3.3034
CUTENSOR_OP_SOFT_SIGN,fp16,kernel,"[[64,64,64]]",0.023404,0.007327,3.1942
CUTENSOR_OP_SOFT_SIGN,fp16,kernel,"[[128,128,64]]",0.039500,0.014346,2.7534
CUTENSOR_OP_SQRT,fp32,kernel,[[1024]],0.007069,0.003923,1.8020
CUTENSOR_OP_SQRT,fp32,kernel,[[2048]],0.007058,0.004077,1.7311
CUTENSOR_OP_SQRT,fp32,kernel,[[4096]],0.007327,0.004615,1.5875
CUTENSOR_OP_SQRT,fp32,kernel,[[8192]],0.007846,0.004250,1.8462
CUTENSOR_OP_SQRT,fp32,kernel,[[16384]],0.008962,0.004885,1.8346
CUTENSOR_OP_SQRT,fp32,kernel,[[32768]],0.010942,0.005962,1.8355
CUTENSOR_OP_SQRT,fp32,kernel,[[65536]],0.011288,0.006365,1.7734
CUTENSOR_OP_SQRT,fp32,kernel,[[131072]],0.012365,0.007404,1.6701
CUTENSOR_OP_SQRT,fp32,kernel,[[262144]],0.015096,0.009385,1.6086
CUTENSOR_OP_SQRT,fp32,kernel,[[524288]],0.022173,0.014808,1.4974
CUTENSOR_OP_SQRT,fp32,kernel,[[1048576]],0.034462,0.025308,1.3617
CUTENSOR_OP_SQRT,fp32,kernel,[[2097152]],0.057962,0.045923,1.2621
CUTENSOR_OP_SQRT,fp32,kernel,[[4194304]],0.134750,0.072942,1.8474
CUTENSOR_OP_SQRT,fp32,kernel,[[8388608]],0.249385,0.131462,1.8970
CUTENSOR_OP_SQRT,fp32,kernel,"[[128,128]]",0.007692,0.004173,1.8433
CUTENSOR_OP_SQRT,fp32,kernel,"[[32,64,16]]",0.011404,0.005981,1.9068
CUTENSOR_OP_SQRT,fp32,kernel,"[[64,256]]",0.008019,0.004769,1.6815
CUTENSOR_OP_SQRT,fp32,kernel,"[[16,64,64]]",0.009019,0.006442,1.4000
CUTENSOR_OP_SQRT,fp32,kernel,"[[256,512]]",0.009404,0.005981,1.5723
CUTENSOR_OP_SQRT,fp32,kernel,"[[128,1024]]",0.009385,0.005769,1.6267
CUTENSOR_OP_SQRT,fp32,kernel,"[[64,64,64]]",0.014962,0.009269,1.6141
CUTENSOR_OP_SQRT,fp32,kernel,"[[128,128,64]]",0.036404,0.025346,1.4363
CUTENSOR_OP_SQRT,fp16,kernel,[[1024]],0.007481,0.003712,2.0155
CUTENSOR_OP_SQRT,fp16,kernel,[[2048]],0.006673,0.003962,1.6845
CUTENSOR_OP_SQRT,fp16,kernel,[[4096]],0.006885,0.004442,1.5498
CUTENSOR_OP_SQRT,fp16,kernel,[[8192]],0.007462,0.004115,1.8131
CUTENSOR_OP_SQRT,fp16,kernel,[[16384]],0.008558,0.004596,1.8619
CUTENSOR_OP_SQRT,fp16,kernel,[[32768]],0.010538,0.005404,1.9502
CUTENSOR_OP_SQRT,fp16,kernel,[[65536]],0.010885,0.005769,1.8867
CUTENSOR_OP_SQRT,fp16,kernel,[[131072]],0.011327,0.006269,1.8067
CUTENSOR_OP_SQRT,fp16,kernel,[[262144]],0.012827,0.006981,1.8375
CUTENSOR_OP_SQRT,fp16,kernel,[[524288]],0.016096,0.009038,1.7809
CUTENSOR_OP_SQRT,fp16,kernel,[[1048576]],0.023481,0.014404,1.6302
CUTENSOR_OP_SQRT,fp16,kernel,[[2097152]],0.037846,0.025269,1.4977
CUTENSOR_OP_SQRT,fp16,kernel,[[4194304]],0.064654,0.046558,1.3887
CUTENSOR_OP_SQRT,fp16,kernel,[[8388608]],0.143154,0.074019,1.9340
CUTENSOR_OP_SQRT,fp16,kernel,"[[128,128]]",0.008577,0.004615,1.8583
CUTENSOR_OP_SQRT,fp16,kernel,"[[32,64,16]]",0.009942,0.005673,1.7525
CUTENSOR_OP_SQRT,fp16,kernel,"[[64,256]]",0.008558,0.004615,1.8542
CUTENSOR_OP_SQRT,fp16,kernel,"[[16,64,64]]",0.010827,0.005712,1.8956
CUTENSOR_OP_SQRT,fp16,kernel,"[[256,512]]",0.011346,0.006346,1.7879
CUTENSOR_OP_SQRT,fp16,kernel,"[[128,1024]]",0.011404,0.006462,1.7649
CUTENSOR_OP_SQRT,fp16,kernel,"[[64,64,64]]",0.012712,0.007038,1.8060
CUTENSOR_OP_SQRT,fp16,kernel,"[[128,128,64]]",0.023423,0.014500,1.6154
CUTENSOR_OP_SQRT,bf16,kernel,[[1024]],0.007442,0.003712,2.0052
CUTENSOR_OP_SQRT,bf16,kernel,[[2048]],0.006673,0.004058,1.6445
CUTENSOR_OP_SQRT,bf16,kernel,[[4096]],0.006885,0.004577,1.5042
CUTENSOR_OP_SQRT,bf16,kernel,[[8192]],0.007481,0.004135,1.8093
CUTENSOR_OP_SQRT,bf16,kernel,[[16384]],0.008577,0.004596,1.8661
CUTENSOR_OP_SQRT,bf16,kernel,[[32768]],0.010654,0.005904,1.8046
CUTENSOR_OP_SQRT,bf16,kernel,[[65536]],0.011038,0.006019,1.8339
CUTENSOR_OP_SQRT,bf16,kernel,[[131072]],0.011808,0.006462,1.8274
CUTENSOR_OP_SQRT,bf16,kernel,[[262144]],0.012981,0.007327,1.7717
CUTENSOR_OP_SQRT,bf16,kernel,[[524288]],0.016173,0.009404,1.7198
CUTENSOR_OP_SQRT,bf16,kernel,[[1048576]],0.023558,0.014962,1.5746
CUTENSOR_OP_SQRT,bf16,kernel,[[2097152]],0.037923,0.025615,1.4805
CUTENSOR_OP_SQRT,bf16,kernel,[[4194304]],0.064846,0.046808,1.3854
CUTENSOR_OP_SQRT,bf16,kernel,[[8388608]],0.143231,0.074327,1.9270
CUTENSOR_OP_SQRT,bf16,kernel,"[[128,128]]",0.008654,0.004827,1.7928
CUTENSOR_OP_SQRT,bf16,kernel,"[[32,64,16]]",0.010596,0.005846,1.8125
CUTENSOR_OP_SQRT,bf16,kernel,"[[64,256]]",0.008558,0.004731,1.8089
CUTENSOR_OP_SQRT,bf16,kernel,"[[16,64,64]]",0.010827,0.005885,1.8399
CUTENSOR_OP_SQRT,bf16,kernel,"[[256,512]]",0.011423,0.006423,1.7784
CUTENSOR_OP_SQRT,bf16,kernel,"[[128,1024]]",0.011346,0.006250,1.8154
CUTENSOR_OP_SQRT,bf16,kernel,"[[64,64,64]]",0.010538,0.007135,1.4771
CUTENSOR_OP_SQRT,bf16,kernel,"[[128,128,64]]",0.021481,0.013692,1.5688
CUTENSOR_OP_SWISH,fp32,kernel,[[1024]],0.006900,0.003558,1.9395
CUTENSOR_OP_SWISH,fp32,kernel,[[2048]],0.007000,0.003577,1.9570
CUTENSOR_OP_SWISH,fp32,kernel,[[4096]],0.007135,0.003712,1.9223
CUTENSOR_OP_SWISH,fp32,kernel,[[8192]],0.007365,0.003827,1.9246
CUTENSOR_OP_SWISH,fp32,kernel,[[16384]],0.007750,0.003962,1.9563
CUTENSOR_OP_SWISH,fp32,kernel,[[32768]],0.008519,0.004365,1.9515
CUTENSOR_OP_SWISH,fp32,kernel,[[65536]],0.008596,0.004692,1.8320
CUTENSOR_OP_SWISH,fp32,kernel,[[131072]],0.009500,0.005808,1.6358
CUTENSOR_OP_SWISH,fp32,kernel,[[262144]],0.012635,0.008135,1.5532
CUTENSOR_OP_SWISH,fp32,kernel,[[524288]],0.020077,0.013769,1.4581
CUTENSOR_OP_SWISH,fp32,kernel,[[1048576]],0.034288,0.024712,1.3875
CUTENSOR_OP_SWISH,fp32,kernel,[[2097152]],0.057865,0.045808,1.2632
CUTENSOR_OP_SWISH,fp32,kernel,[[4194304]],0.134923,0.072365,1.8645
CUTENSOR_OP_SWISH,fp32,kernel,[[8388608]],0.249481,0.131077,1.9033
CUTENSOR_OP_SWISH,fp32,kernel,"[[128,128]]",0.007769,0.004058,1.9147
CUTENSOR_OP_SWISH,fp32,kernel,"[[32,64,16]]",0.008462,0.004365,1.9383
CUTENSOR_OP_SWISH,fp32,kernel,"[[64,256]]",0.007750,0.004038,1.9190
CUTENSOR_OP_SWISH,fp32,kernel,"[[16,64,64]]",0.008673,0.004673,1.8560
CUTENSOR_OP_SWISH,fp32,kernel,"[[256,512]]",0.009750,0.005923,1.6461
CUTENSOR_OP_SWISH,fp32,kernel,"[[128,1024]]",0.009654,0.005981,1.6141
CUTENSOR_OP_SWISH,fp32,kernel,"[[64,64,64]]",0.012615,0.008115,1.5545
CUTENSOR_OP_SWISH,fp32,kernel,"[[128,128,64]]",0.034058,0.024308,1.4011
CUTENSOR_OP_SWISH,fp16,kernel,[[1024]],0.007135,0.003385,2.1080
CUTENSOR_OP_SWISH,fp16,kernel,[[2048]],0.006346,0.003519,1.8033
CUTENSOR_OP_SWISH,fp16,kernel,[[4096]],0.006519,0.003885,1.6782
CUTENSOR_OP_SWISH,fp16,kernel,[[8192]],0.006827,0.003827,1.7839
CUTENSOR_OP_SWISH,fp16,kernel,[[16384]],0.007154,0.003981,1.7971
CUTENSOR_OP_SWISH,fp16,kernel,[[32768]],0.007769,0.004038,1.9238
CUTENSOR_OP_SWISH,fp16,kernel,[[65536]],0.011692,0.006750,1.7322
CUTENSOR_OP_SWISH,fp16,kernel,[[131072]],0.012981,0.006365,2.0393
CUTENSOR_OP_SWISH,fp16,kernel,[[262144]],0.014712,0.007635,1.9270
CUTENSOR_OP_SWISH,fp16,kernel,[[524288]],0.017615,0.009788,1.7996
CUTENSOR_OP_SWISH,fp16,kernel,[[1048576]],0.025019,0.014654,1.7073
CUTENSOR_OP_SWISH,fp16,kernel,[[2097152]],0.039538,0.025692,1.5389
CUTENSOR_OP_SWISH,fp16,kernel,[[4194304]],0.066288,0.047038,1.4092
CUTENSOR_OP_SWISH,fp16,kernel,[[8388608]],0.141808,0.074231,1.9104
CUTENSOR_OP_SWISH,fp16,kernel,"[[128,128]]",0.007135,0.003808,1.8737
CUTENSOR_OP_SWISH,fp16,kernel,"[[32,64,16]]",0.007846,0.004231,1.8545
CUTENSOR_OP_SWISH,fp16,kernel,"[[64,256]]",0.007154,0.003904,1.8325
CUTENSOR_OP_SWISH,fp16,kernel,"[[16,64,64]]",0.008154,0.004538,1.7966
CUTENSOR_OP_SWISH,fp16,kernel,"[[256,512]]",0.008558,0.004788,1.7871
CUTENSOR_OP_SWISH,fp16,kernel,"[[128,1024]]",0.008615,0.004808,1.7920
CUTENSOR_OP_SWISH,fp16,kernel,"[[64,64,64]]",0.010308,0.006038,1.7070
CUTENSOR_OP_SWISH,fp16,kernel,"[[128,128,64]]",0.021288,0.013385,1.5905
CUTENSOR_OP_SWISH,bf16,kernel,[[1024]],0.007115,0.003365,2.1143
CUTENSOR_OP_SWISH,bf16,kernel,[[2048]],0.006346,0.003577,1.7742
CUTENSOR_OP_SWISH,bf16,kernel,[[4096]],0.006519,0.003481,1.8729
CUTENSOR_OP_SWISH,bf16,kernel,[[8192]],0.006769,0.003712,1.8238
CUTENSOR_OP_SWISH,bf16,kernel,[[16384]],0.007173,0.003885,1.8465
CUTENSOR_OP_SWISH,bf16,kernel,[[32768]],0.007865,0.004019,1.9569
CUTENSOR_OP_SWISH,bf16,kernel,[[65536]],0.008173,0.004404,1.8559
CUTENSOR_OP_SWISH,bf16,kernel,[[131072]],0.008596,0.004981,1.7259
CUTENSOR_OP_SWISH,bf16,kernel,[[262144]],0.010327,0.006231,1.6574
CUTENSOR_OP_SWISH,bf16,kernel,[[524288]],0.013712,0.008404,1.6316
CUTENSOR_OP_SWISH,bf16,kernel,[[1048576]],0.021365,0.013615,1.5692
CUTENSOR_OP_SWISH,bf16,kernel,[[2097152]],0.035596,0.024442,1.4563
CUTENSOR_OP_SWISH,bf16,kernel,[[4194304]],0.062923,0.045904,1.3708
CUTENSOR_OP_SWISH,bf16,kernel,[[8388608]],0.141981,0.074231,1.9127
CUTENSOR_OP_SWISH,bf16,kernel,"[[128,128]]",0.007192,0.003923,1.8333
CUTENSOR_OP_SWISH,bf16,kernel,"[[32,64,16]]",0.007846,0.004442,1.7662
CUTENSOR_OP_SWISH,bf16,kernel,"[[64,256]]",0.007192,0.004154,1.7315
CUTENSOR_OP_SWISH,bf16,kernel,"[[16,64,64]]",0.008192,0.004731,1.7317
CUTENSOR_OP_SWISH,bf16,kernel,"[[256,512]]",0.008615,0.004904,1.7569
CUTENSOR_OP_SWISH,bf16,kernel,"[[128,1024]]",0.008558,0.004788,1.7871
CUTENSOR_OP_SWISH,bf16,kernel,"[[64,64,64]]",0.010308,0.005981,1.7235
CUTENSOR_OP_SWISH,bf16,kernel,"[[128,128,64]]",0.021250,0.013577,1.5652
CUTENSOR_OP_TAN,fp16,kernel,[[1024]],0.008019,0.003838,2.0892
CUTENSOR_OP_TAN,fp16,kernel,[[2048]],0.007212,0.004019,1.7943
CUTENSOR_OP_TAN,fp16,kernel,[[4096]],0.007500,0.004615,1.6250
CUTENSOR_OP_TAN,fp16,kernel,[[8192]],0.008077,0.004481,1.8026
CUTENSOR_OP_TAN,fp16,kernel,[[16384]],0.009288,0.005019,1.8506
CUTENSOR_OP_TAN,fp16,kernel,[[32768]],0.011192,0.006154,1.8188
CUTENSOR_OP_TAN,fp16,kernel,[[65536]],0.011865,0.006288,1.8869
CUTENSOR_OP_TAN,fp16,kernel,[[131072]],0.011942,0.006731,1.7743
CUTENSOR_OP_TAN,fp16,kernel,[[262144]],0.013365,0.007692,1.7375
CUTENSOR_OP_TAN,fp16,kernel,[[524288]],0.014077,0.009577,1.4699
CUTENSOR_OP_TAN,fp16,kernel,[[1048576]],0.021673,0.014577,1.4868
CUTENSOR_OP_TAN,fp16,kernel,[[2097152]],0.036327,0.024942,1.4564
CUTENSOR_OP_TAN,fp16,kernel,[[4194304]],0.063096,0.046404,1.3597
CUTENSOR_OP_TAN,fp16,kernel,[[8388608]],0.142019,0.074692,1.9014
CUTENSOR_OP_TAN,fp16,kernel,"[[128,128]]",0.007500,0.004442,1.6883
CUTENSOR_OP_TAN,fp16,kernel,"[[32,64,16]]",0.008462,0.004365,1.9383
CUTENSOR_OP_TAN,fp16,kernel,"[[64,256]]",0.007731,0.004231,1.8273
CUTENSOR_OP_TAN,fp16,kernel,"[[16,64,64]]",0.011250,0.005942,1.8932
CUTENSOR_OP_TAN,fp16,kernel,"[[256,512]]",0.011673,0.006269,1.8620
CUTENSOR_OP_TAN,fp16,kernel,"[[128,1024]]",0.011788,0.006500,1.8136
CUTENSOR_OP_TAN,fp16,kernel,"[[64,64,64]]",0.013212,0.007308,1.8079
CUTENSOR_OP_TAN,fp16,kernel,"[[128,128,64]]",0.023750,0.014462,1.6423
CUTENSOR_OP_TAN,bf16,kernel,[[1024]],0.008038,0.003712,2.1658
CUTENSOR_OP_TAN,bf16,kernel,[[2048]],0.007212,0.003962,1.8204
CUTENSOR_OP_TAN,bf16,kernel,[[4096]],0.007500,0.004500,1.6667
CUTENSOR_OP_TAN,bf16,kernel,[[8192]],0.008077,0.004385,1.8421
CUTENSOR_OP_TAN,bf16,kernel,[[16384]],0.009077,0.004808,1.8880
CUTENSOR_OP_TAN,bf16,kernel,[[32768]],0.011058,0.005731,1.9295
CUTENSOR_OP_TAN,bf16,kernel,[[65536]],0.011538,0.005846,1.9737
CUTENSOR_OP_TAN,bf16,kernel,[[131072]],0.011808,0.006288,1.8777
CUTENSOR_OP_TAN,bf16,kernel,[[262144]],0.013135,0.007231,1.8165
CUTENSOR_OP_TAN,bf16,kernel,[[524288]],0.016192,0.009404,1.7219
CUTENSOR_OP_TAN,bf16,kernel,[[1048576]],0.023692,0.014308,1.6559
CUTENSOR_OP_TAN,bf16,kernel,[[2097152]],0.038250,0.025635,1.4921
CUTENSOR_OP_TAN,bf16,kernel,[[4194304]],0.064962,0.047192,1.3765
CUTENSOR_OP_TAN,bf16,kernel,[[8388608]],0.144231,0.075577,1.9084
CUTENSOR_OP_TAN,bf16,kernel,"[[128,128]]",0.009115,0.004865,1.8735
CUTENSOR_OP_TAN,bf16,kernel,"[[32,64,16]]",0.011519,0.005712,2.0168
CUTENSOR_OP_TAN,bf16,kernel,"[[64,256]]",0.009135,0.005000,1.8269
CUTENSOR_OP_TAN,bf16,kernel,"[[16,64,64]]",0.011538,0.006192,1.8634
CUTENSOR_OP_TAN,bf16,kernel,"[[256,512]]",0.011923,0.006635,1.7971
CUTENSOR_OP_TAN,bf16,kernel,"[[128,1024]]",0.011846,0.006596,1.7959
CUTENSOR_OP_TAN,bf16,kernel,"[[64,64,64]]",0.013231,0.007481,1.7686
CUTENSOR_OP_TAN,bf16,kernel,"[[128,128,64]]",0.023712,0.014462,1.6396
CUTENSOR_OP_TAN,fp32,kernel,[[1024]],0.006923,0.003635,1.9048
CUTENSOR_OP_TAN,fp32,kernel,[[2048]],0.007481,0.003942,1.8976
CUTENSOR_OP_TAN,fp32,kernel,[[4096]],0.007769,0.004365,1.7797
CUTENSOR_OP_TAN,fp32,kernel,[[8192]],0.008327,0.004423,1.8826
CUTENSOR_OP_TAN,fp32,kernel,[[16384]],0.009346,0.005096,1.8340
CUTENSOR_OP_TAN,fp32,kernel,[[32768]],0.011346,0.005942,1.9094
CUTENSOR_OP_TAN,fp32,kernel,[[65536]],0.011692,0.006538,1.7882
CUTENSOR_OP_TAN,fp32,kernel,[[131072]],0.012481,0.007077,1.7636
CUTENSOR_OP_TAN,fp32,kernel,[[262144]],0.014942,0.009250,1.6154
CUTENSOR_OP_TAN,fp32,kernel,[[524288]],0.021808,0.014500,1.5040
CUTENSOR_OP_TAN,fp32,kernel,[[1048576]],0.035846,0.025288,1.4175
CUTENSOR_OP_TAN,fp32,kernel,[[2097152]],0.060077,0.046846,1.2824
CUTENSOR_OP_TAN,fp32,kernel,[[4194304]],0.137058,0.075192,1.8228
CUTENSOR_OP_TAN,fp32,kernel,[[8388608]],0.250038,0.132865,1.8819
CUTENSOR_OP_TAN,fp32,kernel,"[[128,128]]",0.008154,0.004442,1.8355
CUTENSOR_OP_TAN,fp32,kernel,"[[32,64,16]]",0.008885,0.004577,1.9412
CUTENSOR_OP_TAN,fp32,kernel,"[[64,256]]",0.008173,0.004308,1.8973
CUTENSOR_OP_TAN,fp32,kernel,"[[16,64,64]]",0.009096,0.004923,1.8477
CUTENSOR_OP_TAN,fp32,kernel,"[[256,512]]",0.009808,0.005769,1.7000
CUTENSOR_OP_TAN,fp32,kernel,"[[128,1024]]",0.010096,0.005827,1.7327
CUTENSOR_OP_TAN,fp32,kernel,"[[64,64,64]]",0.014885,0.009019,1.6503
CUTENSOR_OP_TAN,fp32,kernel,"[[128,128,64]]",0.035885,0.025212,1.4233
CUTENSOR_OP_TANH,bf16,kernel,[[1024]],0.008465,0.003965,2.1348
CUTENSOR_OP_TANH,bf16,kernel,[[2048]],0.007885,0.004038,1.9524
CUTENSOR_OP_TANH,bf16,kernel,[[4096]],0.008192,0.004558,1.7975
CUTENSOR_OP_TANH,bf16,kernel,[[8192]],0.008692,0.004212,2.0639
CUTENSOR_OP_TANH,bf16,kernel,[[16384]],0.009769,0.004827,2.0239
CUTENSOR_OP_TANH,bf16,kernel,[[32768]],0.011769,0.005654,2.0816
CUTENSOR_OP_TANH,bf16,kernel,[[65536]],0.011942,0.006000,1.9904
CUTENSOR_OP_TANH,bf16,kernel,[[131072]],0.012135,0.006404,1.8949
CUTENSOR_OP_TANH,bf16,kernel,[[262144]],0.013808,0.007250,1.9045
CUTENSOR_OP_TANH,bf16,kernel,[[524288]],0.016635,0.009385,1.7725
CUTENSOR_OP_TANH,bf16,kernel,[[1048576]],0.024154,0.014346,1.6836
CUTENSOR_OP_TANH,bf16,kernel,[[2097152]],0.038769,0.025385,1.5273
CUTENSOR_OP_TANH,bf16,kernel,[[4194304]],0.066000,0.046865,1.4083
CUTENSOR_OP_TANH,bf16,kernel,[[8388608]],0.145135,0.075442,1.9238
CUTENSOR_OP_TANH,bf16,kernel,"[[128,128]]",0.009808,0.004885,2.0079
CUTENSOR_OP_TANH,bf16,kernel,"[[32,64,16]]",0.011750,0.005865,2.0033
CUTENSOR_OP_TANH,bf16,kernel,"[[64,256]]",0.009808,0.004846,2.0238
CUTENSOR_OP_TANH,bf16,kernel,"[[16,64,64]]",0.012019,0.006000,2.0032
CUTENSOR_OP_TANH,bf16,kernel,"[[256,512]]",0.012404,0.006481,1.9139
CUTENSOR_OP_TANH,bf16,kernel,"[[128,1024]]",0.012269,0.006423,1.9102
CUTENSOR_OP_TANH,bf16,kernel,"[[64,64,64]]",0.013904,0.006962,1.9972
CUTENSOR_OP_TANH,bf16,kernel,"[[128,128,64]]",0.024365,0.014365,1.6961
CUTENSOR_OP_TANH,fp32,kernel,[[1024]],0.007500,0.003769,1.9898
CUTENSOR_OP_TANH,fp32,kernel,[[2048]],0.008212,0.004019,2.0431
CUTENSOR_OP_TANH,fp32,kernel,[[4096]],0.008462,0.004442,1.9048
CUTENSOR_OP_TANH,fp32,kernel,[[8192]],0.009000,0.004365,2.0617
CUTENSOR_OP_TANH,fp32,kernel,[[16384]],0.010096,0.004808,2.1000
CUTENSOR_OP_TANH,fp32,kernel,[[32768]],0.012038,0.005769,2.0867
CUTENSOR_OP_TANH,fp32,kernel,[[65536]],0.012231,0.006173,1.9813
CUTENSOR_OP_TANH,fp32,kernel,[[131072]],0.012962,0.006923,1.8722
CUTENSOR_OP_TANH,fp32,kernel,[[262144]],0.015423,0.009135,1.6884
CUTENSOR_OP_TANH,fp32,kernel,[[524288]],0.022212,0.014481,1.5339
CUTENSOR_OP_TANH,fp32,kernel,[[1048576]],0.036404,0.025615,1.4212
CUTENSOR_OP_TANH,fp32,kernel,[[2097152]],0.060808,0.046673,1.3028
CUTENSOR_OP_TANH,fp32,kernel,[[4194304]],0.137654,0.073000,1.8857
CUTENSOR_OP_TANH,fp32,kernel,[[8388608]],0.252538,0.131538,1.9199
CUTENSOR_OP_TANH,fp32,kernel,"[[128,128]]",0.010058,0.004962,2.0271
CUTENSOR_OP_TANH,fp32,kernel,"[[32,64,16]]",0.012038,0.005904,2.0391
CUTENSOR_OP_TANH,fp32,kernel,"[[64,256]]",0.010058,0.004942,2.0350
CUTENSOR_OP_TANH,fp32,kernel,"[[16,64,64]]",0.012212,0.006308,1.9360
CUTENSOR_OP_TANH,fp32,kernel,"[[256,512]]",0.012673,0.006962,1.8204
CUTENSOR_OP_TANH,fp32,kernel,"[[128,1024]]",0.012865,0.007038,1.8279
CUTENSOR_OP_TANH,fp32,kernel,"[[64,64,64]]",0.015462,0.009250,1.6715
CUTENSOR_OP_TANH,fp32,kernel,"[[128,128,64]]",0.036538,0.025596,1.4275
CUTENSOR_OP_TANH,fp16,kernel,[[1024]],0.008173,0.003808,2.1465
CUTENSOR_OP_TANH,fp16,kernel,[[2048]],0.007885,0.004058,1.9431
CUTENSOR_OP_TANH,fp16,kernel,[[4096]],0.008192,0.004577,1.7899
CUTENSOR_OP_TANH,fp16,kernel,[[8192]],0.008731,0.004308,2.0268
CUTENSOR_OP_TANH,fp16,kernel,[[16384]],0.009808,0.004712,2.0816
CUTENSOR_OP_TANH,fp16,kernel,[[32768]],0.011769,0.005788,2.0332
CUTENSOR_OP_TANH,fp16,kernel,[[65536]],0.011962,0.005904,2.0261
CUTENSOR_OP_TANH,fp16,kernel,[[131072]],0.012423,0.006288,1.9755
CUTENSOR_OP_TANH,fp16,kernel,[[262144]],0.013846,0.007192,1.9251
CUTENSOR_OP_TANH,fp16,kernel,[[524288]],0.016846,0.009346,1.8025
CUTENSOR_OP_TANH,fp16,kernel,[[1048576]],0.024231,0.014365,1.6867
CUTENSOR_OP_TANH,fp16,kernel,[[2097152]],0.038923,0.025462,1.5287
CUTENSOR_OP_TANH,fp16,kernel,[[4194304]],0.066269,0.047077,1.4077
CUTENSOR_OP_TANH,fp16,kernel,[[8388608]],0.144981,0.075692,1.9154
CUTENSOR_OP_TANH,fp16,kernel,"[[128,128]]",0.009596,0.004769,2.0121
CUTENSOR_OP_TANH,fp16,kernel,"[[32,64,16]]",0.011750,0.005538,2.1215
CUTENSOR_OP_TANH,fp16,kernel,"[[64,256]]",0.009769,0.004769,2.0484
CUTENSOR_OP_TANH,fp16,kernel,"[[16,64,64]]",0.012038,0.005904,2.0391
CUTENSOR_OP_TANH,fp16,kernel,"[[256,512]]",0.012385,0.006404,1.9339
CUTENSOR_OP_TANH,fp16,kernel,"[[128,1024]]",0.012404,0.006365,1.9486
CUTENSOR_OP_TANH,fp16,kernel,"[[64,64,64]]",0.013923,0.007173,1.9410
CUTENSOR_OP_TANH,fp16,kernel,"[[128,128,64]]",0.024385,0.014462,1.6862
Contraction,fp32,kernel,"[[16,8]]",0.016173,0.007019,2.3041
Contraction,fp32,kernel,"[[32,16]]",0.016750,0.007212,2.3227
Contraction,fp32,kernel,"[[64,32]]",0.016654,0.007423,2.2435
Contraction,fp32,kernel,"[[128,64]]",0.019673,0.009596,2.0501
Contraction,fp32,kernel,"[[256,128]]",0.032981,0.012115,2.7222
Contraction,fp32,kernel,"[[512,256]]",0.047481,0.023904,1.9863
Contraction,fp32,kernel,"[[128,32]]",0.016327,0.007481,2.1825
Contraction,fp32,kernel,"[[32,128]]",0.016865,0.009500,1.7753
Contraction,fp32,kernel,"[[256,64]]",0.019365,0.008846,2.1891
Contraction,fp32,kernel,"[[64,256]]",0.018577,0.012731,1.4592
Contraction,fp32,kernel,"[[1024,256]]",0.067500,0.036750,1.8367
Contraction,fp32,kernel,"[[256,1024]]",0.035942,0.036212,0.9926
Contraction,fp32,operator,"[[2,16,8]]",0.112219,0.070479,1.5922
Contraction,fp32,operator,"[[4,32,16]]",0.112908,0.070405,1.6037
Contraction,fp32,operator,"[[8,64,32]]",0.114548,0.071707,1.5975
Contraction,fp32,operator,"[[16,128,64]]",0.118320,0.070972,1.6671
Contraction,fp32,operator,"[[32,256,128]]",0.195796,0.097795,2.0021
Contraction,fp32,operator,"[[4,128,32]]",0.114541,0.073311,1.5624
Contraction,fp32,operator,"[[8,32,128]]",0.115106,0.070889,1.6238
Contraction,fp32,operator,"[[3,8,16]]",0.114772,0.070238,1.6340
Contraction,fp32,operator,"[[5,16,32]]",0.114150,0.069871,1.6337
ContractionTrinary,fp32,kernel,"[[8,4]]",0.028135,0.011192,2.5137
ContractionTrinary,fp32,kernel,"[[16,8]]",0.028365,0.011269,2.5171
ContractionTrinary,fp32,kernel,"[[32,16]]",0.030769,0.011365,2.7073
ContractionTrinary,fp32,kernel,"[[64,32]]",0.028327,0.012192,2.3233
ContractionTrinary,fp32,kernel,"[[128,64]]",0.032577,0.014308,2.2769
ContractionTrinary,fp32,kernel,"[[256,128]]",0.040654,0.019077,2.1310
ContractionTrinary,fp32,kernel,"[[64,16]]",0.029212,0.012846,2.2740
ContractionTrinary,fp32,kernel,"[[32,256]]",0.029192,0.016596,1.7590
ContractionTrinary,fp32,kernel,"[[512,256]]",0.073731,0.046962,1.5700
ContractionTrinary,fp32,operator,"[[8,4]]",0.227056,0.042498,5.3427
ContractionTrinary,fp32,operator,"[[16,8]]",0.227869,0.043099,5.2871
ContractionTrinary,fp32,operator,"[[32,16]]",0.229781,0.042372,5.4230
ContractionTrinary,fp32,operator,"[[64,32]]",0.228145,0.043039,5.3009
ContractionTrinary,fp32,operator,"[[128,64]]",0.230281,0.043459,5.2988
ContractionTrinary,fp32,operator,"[[256,128]]",0.231974,0.044379,5.2271
ContractionTrinary,fp32,operator,"[[64,16]]",0.230293,0.043323,5.3157
ContractionTrinary,fp32,operator,"[[32,256]]",0.229633,0.043595,5.2674
ContractionTrinary,fp32,operator,"[[512,256]]",0.234735,0.049357,4.7558
ElementwiseTrinary,fp32,operator,[[1024]],0.103731,0.115259,0.9000
ElementwiseTrinary,fp32,operator,[[4096]],0.102670,0.105667,0.9716
ElementwiseTrinary,fp16,operator,[[1024]],0.103054,0.106590,0.9668
ElementwiseTrinary,fp16,operator,[[4096]],0.101440,0.105450,0.9620
ElementwiseTrinary,bf16,operator,[[1024]],0.102341,0.112255,0.9117
ElementwiseTrinary,bf16,operator,[[4096]],0.102022,0.104096,0.9801
ElementwiseTrinary,fp32,kernel,[[16384]],0.028200,0.005015,5.6227
ElementwiseTrinary,fp32,kernel,[[65536]],0.034558,0.006654,5.1936
ElementwiseTrinary,fp32,kernel,[[262144]],0.053365,0.015615,3.4175
ElementwiseTrinary,fp32,kernel,[[1048576]],0.136865,0.053865,2.5409
ElementwiseTrinary,fp32,kernel,"[[2,3,32,64,16]]",0.078462,0.038158,2.0562
ElementwiseTrinary,fp16,kernel,[[16384]],0.025981,0.005596,4.6426
ElementwiseTrinary,fp16,kernel,[[65536]],0.030096,0.006269,4.8006
ElementwiseTrinary,fp16,kernel,[[262144]],0.041404,0.010192,4.0623
ElementwiseTrinary,fp16,kernel,[[1048576]],0.084327,0.028673,2.9410
ElementwiseTrinary,fp16,kernel,"[[2,3,32,64,16]]",0.073173,0.033596,2.1780
ElementwiseTrinary,bf16,kernel,[[16384]],0.026058,0.005058,5.1521
ElementwiseTrinary,bf16,kernel,[[65536]],0.040962,0.005885,6.9608
ElementwiseTrinary,bf16,kernel,[[262144]],0.051654,0.011212,4.6072
ElementwiseTrinary,bf16,kernel,[[1048576]],0.097904,0.030269,3.2344
ElementwiseTrinary,bf16,kernel,"[[2,3,32,64,16]]",0.070135,0.033173,2.1142
